Users of this data file should acknowledge the National Park Service.,,,,,,
NOTE: There are two parts to this file. Part I contains information on the sites selected.,,,,,,
Part II contains the actual data and begins on line 9.,,,,,,
,,,,,,
Part I - Site Information,,,,,,
ABBR,AIRS_SITE_CODE,TIME_ZONE,LONG_DEC,LAT_DEC,ELEV_mMSL,SITE_NAME
MACA-HM,21-061-0501,CST,86.1481,37.1317,258,Mammoth Cave National Park - Houchin Meadow
,,,,,,
Part II - Data,,,,,,
DATE_TIME,MACA-HM_O38HR_PPB,,,,,
3/1/2021 0:00,32,,,,,
3/1/2021 1:00,32,,,,,
3/1/2021 2:00,32,,,,,
3/1/2021 3:00,32,,,,,
3/1/2021 4:00,32,,,,,
3/1/2021 5:00,32,,,,,
3/1/2021 6:00,32,,,,,
3/1/2021 7:00,32,,,,,
3/1/2021 8:00,33,,,,,
3/1/2021 9:00,33,,,,,
3/1/2021 10:00,34,,,,,
3/1/2021 11:00,34,,,,,
3/1/2021 12:00,35,,,,,
3/1/2021 13:00,35,,,,,
3/1/2021 14:00,35,,,,,
3/1/2021 15:00,35,,,,,
3/1/2021 16:00,35,,,,,
3/1/2021 17:00,34,,,,,
3/1/2021 18:00,33,,,,,
3/1/2021 19:00,32,,,,,
3/1/2021 20:00,31,,,,,
3/1/2021 21:00,30,,,,,
3/1/2021 22:00,29,,,,,
3/1/2021 23:00,27,,,,,
3/2/2021 0:00,26,,,,,
3/2/2021 1:00,25,,,,,
3/2/2021 2:00,25,,,,,
3/2/2021 3:00,25,,,,,
3/2/2021 4:00,27,,,,,
3/2/2021 5:00,29,,,,,
3/2/2021 6:00,31,,,,,
3/2/2021 7:00,34,,,,,
3/2/2021 8:00,36,,,,,
3/2/2021 9:00,38,,,,,
3/2/2021 10:00,39,,,,,
3/2/2021 11:00,41,,,,,
3/2/2021 12:00,41,,,,,
3/2/2021 13:00,41,,,,,
3/2/2021 14:00,41,,,,,
3/2/2021 15:00,40,,,,,
3/2/2021 16:00,39,,,,,
3/2/2021 17:00,38,,,,,
3/2/2021 18:00,37,,,,,
3/2/2021 19:00,36,,,,,
3/2/2021 20:00,36,,,,,
3/2/2021 21:00,36,,,,,
3/2/2021 22:00,36,,,,,
3/2/2021 23:00,36,,,,,
3/3/2021 0:00,34,,,,,
3/3/2021 1:00,32,,,,,
3/3/2021 2:00,32,,,,,
3/3/2021 3:00,32,,,,,
3/3/2021 4:00,31,,,,,
3/3/2021 5:00,31,,,,,
3/3/2021 6:00,32,,,,,
3/3/2021 7:00,33,,,,,
3/3/2021 8:00,37,,,,,
3/3/2021 9:00,41,,,,,
3/3/2021 10:00,42,,,,,
3/3/2021 11:00,43,,,,,
3/3/2021 12:00,45,,,,,
3/3/2021 13:00,45,,,,,
3/3/2021 14:00,44,,,,,
3/3/2021 15:00,43,,,,,
3/3/2021 16:00,43,,,,,
3/3/2021 17:00,42,,,,,
3/3/2021 18:00,42,,,,,
3/3/2021 19:00,42,,,,,
3/3/2021 20:00,41,,,,,
3/3/2021 21:00,42,,,,,
3/3/2021 22:00,42,,,,,
3/3/2021 23:00,42,,,,,
3/4/2021 0:00,41,,,,,
3/4/2021 1:00,40,,,,,
3/4/2021 2:00,40,,,,,
3/4/2021 3:00,39,,,,,
3/4/2021 4:00,39,,,,,
3/4/2021 5:00,40,,,,,
3/4/2021 6:00,40,,,,,
3/4/2021 7:00,41,,,,,
3/4/2021 8:00,42,,,,,
3/4/2021 9:00,44,,,,,
3/4/2021 10:00,45,,,,,
3/4/2021 11:00,46,,,,,
3/4/2021 12:00,46,,,,,
3/4/2021 13:00,45,,,,,
3/4/2021 14:00,44,,,,,
3/4/2021 15:00,43,,,,,
3/4/2021 16:00,42,,,,,
3/4/2021 17:00,40,,,,,
3/4/2021 18:00,38,,,,,
3/4/2021 19:00,36,,,,,
3/4/2021 20:00,34,,,,,
3/4/2021 21:00,34,,,,,
3/4/2021 22:00,33,,,,,
3/4/2021 23:00,32,,,,,
3/5/2021 0:00,31,,,,,
3/5/2021 1:00,31,,,,,
3/5/2021 2:00,31,,,,,
3/5/2021 3:00,32,,,,,
3/5/2021 4:00,33,,,,,
3/5/2021 5:00,34,,,,,
3/5/2021 6:00,35,,,,,
3/5/2021 7:00,37,,,,,
3/5/2021 8:00,38,,,,,
3/5/2021 9:00,39,,,,,
3/5/2021 10:00,40,,,,,
3/5/2021 11:00,41,,,,,
3/5/2021 12:00,41,,,,,
3/5/2021 13:00,41,,,,,
3/5/2021 14:00,41,,,,,
3/5/2021 15:00,40,,,,,
3/5/2021 16:00,40,,,,,
3/5/2021 17:00,39,,,,,
3/5/2021 18:00,38,,,,,
3/5/2021 19:00,37,,,,,
3/5/2021 20:00,36,,,,,
3/5/2021 21:00,35,,,,,
3/5/2021 22:00,35,,,,,
3/5/2021 23:00,34,,,,,
3/6/2021 0:00,34,,,,,
3/6/2021 1:00,34,,,,,
3/6/2021 2:00,34,,,,,
3/6/2021 3:00,35,,,,,
3/6/2021 4:00,37,,,,,
3/6/2021 5:00,38,,,,,
3/6/2021 6:00,39,,,,,
3/6/2021 7:00,41,,,,,
3/6/2021 8:00,43,,,,,
3/6/2021 9:00,44,,,,,
3/6/2021 10:00,45,,,,,
3/6/2021 11:00,46,,,,,
3/6/2021 12:00,46,,,,,
3/6/2021 13:00,46,,,,,
3/6/2021 14:00,46,,,,,
3/6/2021 15:00,45,,,,,
3/6/2021 16:00,44,,,,,
3/6/2021 17:00,43,,,,,
3/6/2021 18:00,42,,,,,
3/6/2021 19:00,42,,,,,
3/6/2021 20:00,41,,,,,
3/6/2021 21:00,40,,,,,
3/6/2021 22:00,38,,,,,
3/6/2021 23:00,37,,,,,
3/7/2021 0:00,36,,,,,
3/7/2021 1:00,35,,,,,
3/7/2021 2:00,35,,,,,
3/7/2021 3:00,36,,,,,
3/7/2021 4:00,37,,,,,
3/7/2021 5:00,39,,,,,
3/7/2021 6:00,42,,,,,
3/7/2021 7:00,45,,,,,
3/7/2021 8:00,47,,,,,
3/7/2021 9:00,50,,,,,
3/7/2021 10:00,51,,,,,
3/7/2021 11:00,52,,,,,
3/7/2021 12:00,52,,,,,
3/7/2021 13:00,52,,,,,
3/7/2021 14:00,52,,,,,
3/7/2021 15:00,51,,,,,
3/7/2021 16:00,50,,,,,
3/7/2021 17:00,50,,,,,
3/7/2021 18:00,49,,,,,
3/7/2021 19:00,48,,,,,
3/7/2021 20:00,48,,,,,
3/7/2021 21:00,47,,,,,
3/7/2021 22:00,46,,,,,
3/7/2021 23:00,46,,,,,
3/8/2021 0:00,45,,,,,
3/8/2021 1:00,44,,,,,
3/8/2021 2:00,43,,,,,
3/8/2021 3:00,43,,,,,
3/8/2021 4:00,44,,,,,
3/8/2021 5:00,45,,,,,
3/8/2021 6:00,47,,,,,
3/8/2021 7:00,48,,,,,
3/8/2021 8:00,50,,,,,
3/8/2021 9:00,52,,,,,
3/8/2021 10:00,53,,,,,
3/8/2021 11:00,53,,,,,
3/8/2021 12:00,53,,,,,
3/8/2021 13:00,52,,,,,
3/8/2021 14:00,51,,,,,
3/8/2021 15:00,50,,,,,
3/8/2021 16:00,49,,,,,
3/8/2021 17:00,48,,,,,
3/8/2021 18:00,47,,,,,
3/8/2021 19:00,46,,,,,
3/8/2021 20:00,46,,,,,
3/8/2021 21:00,45,,,,,
3/8/2021 22:00,44,,,,,
3/8/2021 23:00,44,,,,,
3/9/2021 0:00,43,,,,,
3/9/2021 1:00,43,,,,,
3/9/2021 2:00,42,,,,,
3/9/2021 3:00,43,,,,,
3/9/2021 4:00,44,,,,,
3/9/2021 5:00,45,,,,,
3/9/2021 6:00,47,,,,,
3/9/2021 7:00,47,,,,,
3/9/2021 8:00,48,,,,,
3/9/2021 9:00,51,,,,,
3/9/2021 10:00,54,,,,,
3/9/2021 11:00,55,,,,,
3/9/2021 12:00,54,,,,,
3/9/2021 13:00,54,,,,,
3/9/2021 14:00,53,,,,,
3/9/2021 15:00,53,,,,,
3/9/2021 16:00,53,,,,,
3/9/2021 17:00,52,,,,,
3/9/2021 18:00,52,,,,,
3/9/2021 19:00,51,,,,,
3/9/2021 20:00,51,,,,,
3/9/2021 21:00,51,,,,,
3/9/2021 22:00,51,,,,,
3/9/2021 23:00,50,,,,,
3/10/2021 0:00,49,,,,,
3/10/2021 1:00,49,,,,,
3/10/2021 2:00,49,,,,,
3/10/2021 3:00,49,,,,,
3/10/2021 4:00,50,,,,,
3/10/2021 5:00,51,,,,,
3/10/2021 6:00,52,,,,,
3/10/2021 7:00,53,,,,,
3/10/2021 8:00,53,,,,,
3/10/2021 9:00,54,,,,,
3/10/2021 10:00,53,,,,,
3/10/2021 11:00,52,,,,,
3/10/2021 12:00,51,,,,,
3/10/2021 13:00,50,,,,,
3/10/2021 14:00,48,,,,,
3/10/2021 15:00,47,,,,,
3/10/2021 16:00,47,,,,,
3/10/2021 17:00,47,,,,,
3/10/2021 18:00,47,,,,,
3/10/2021 19:00,47,,,,,
3/10/2021 20:00,47,,,,,
3/10/2021 21:00,47,,,,,
3/10/2021 22:00,47,,,,,
3/10/2021 23:00,46,,,,,
3/11/2021 0:00,45,,,,,
3/11/2021 1:00,45,,,,,
3/11/2021 2:00,44,,,,,
3/11/2021 3:00,43,,,,,
3/11/2021 4:00,43,,,,,
3/11/2021 5:00,43,,,,,
3/11/2021 6:00,43,,,,,
3/11/2021 7:00,44,,,,,
3/11/2021 8:00,44,,,,,
3/11/2021 9:00,45,,,,,
3/11/2021 10:00,45,,,,,
3/11/2021 11:00,45,,,,,
3/11/2021 12:00,45,,,,,
3/11/2021 13:00,45,,,,,
3/11/2021 14:00,44,,,,,
3/11/2021 15:00,42,,,,,
3/11/2021 16:00,40,,,,,
3/11/2021 17:00,39,,,,,
3/11/2021 18:00,37,,,,,
3/11/2021 19:00,36,,,,,
3/11/2021 20:00,34,,,,,
3/11/2021 21:00,32,,,,,
3/11/2021 22:00,30,,,,,
3/11/2021 23:00,29,,,,,
3/12/2021 0:00,28,,,,,
3/12/2021 1:00,26,,,,,
3/12/2021 2:00,26,,,,,
3/12/2021 3:00,26,,,,,
3/12/2021 4:00,25,,,,,
3/12/2021 5:00,25,,,,,
3/12/2021 6:00,25,,,,,
3/12/2021 7:00,24,,,,,
3/12/2021 8:00,25,,,,,
3/12/2021 9:00,25,,,,,
3/12/2021 10:00,25,,,,,
3/12/2021 11:00,25,,,,,
3/12/2021 12:00,25,,,,,
3/12/2021 13:00,25,,,,,
3/12/2021 14:00,25,,,,,
3/12/2021 15:00,26,,,,,
3/12/2021 16:00,26,,,,,
3/12/2021 17:00,25,,,,,
3/12/2021 18:00,25,,,,,
3/12/2021 19:00,24,,,,,
3/12/2021 20:00,23,,,,,
3/12/2021 21:00,23,,,,,
3/12/2021 22:00,23,,,,,
3/12/2021 23:00,24,,,,,
3/13/2021 0:00,25,,,,,
3/13/2021 1:00,26,,,,,
3/13/2021 2:00,27,,,,,
3/13/2021 3:00,28,,,,,
3/13/2021 4:00,29,,,,,
3/13/2021 5:00,30,,,,,
3/13/2021 6:00,31,,,,,
3/13/2021 7:00,32,,,,,
3/13/2021 8:00,33,,,,,
3/13/2021 9:00,33,,,,,
3/13/2021 10:00,34,,,,,
3/13/2021 11:00,35,,,,,
3/13/2021 12:00,36,,,,,
3/13/2021 13:00,36,,,,,
3/13/2021 14:00,36,,,,,
3/13/2021 15:00,35,,,,,
3/13/2021 16:00,35,,,,,
3/13/2021 17:00,35,,,,,
3/13/2021 18:00,35,,,,,
3/13/2021 19:00,35,,,,,
3/13/2021 20:00,34,,,,,
3/13/2021 21:00,34,,,,,
3/13/2021 22:00,34,,,,,
3/13/2021 23:00,34,,,,,
3/14/2021 0:00,33,,,,,
3/14/2021 1:00,33,,,,,
3/14/2021 2:00,33,,,,,
3/14/2021 3:00,33,,,,,
3/14/2021 4:00,33,,,,,
3/14/2021 5:00,33,,,,,
3/14/2021 6:00,34,,,,,
3/14/2021 7:00,35,,,,,
3/14/2021 8:00,36,,,,,
3/14/2021 9:00,37,,,,,
3/14/2021 10:00,38,,,,,
3/14/2021 11:00,38,,,,,
3/14/2021 12:00,38,,,,,
3/14/2021 13:00,38,,,,,
3/14/2021 14:00,39,,,,,
3/14/2021 15:00,39,,,,,
3/14/2021 16:00,39,,,,,
3/14/2021 17:00,39,,,,,
3/14/2021 18:00,39,,,,,
3/14/2021 19:00,40,,,,,
3/14/2021 20:00,40,,,,,
3/14/2021 21:00,40,,,,,
3/14/2021 22:00,40,,,,,
3/14/2021 23:00,39,,,,,
3/15/2021 0:00,39,,,,,
3/15/2021 1:00,38,,,,,
3/15/2021 2:00,37,,,,,
3/15/2021 3:00,35,,,,,
3/15/2021 4:00,34,,,,,
3/15/2021 5:00,33,,,,,
3/15/2021 6:00,32,,,,,
3/15/2021 7:00,31,,,,,
3/15/2021 8:00,30,,,,,
3/15/2021 9:00,29,,,,,
3/15/2021 10:00,28,,,,,
3/15/2021 11:00,27,,,,,
3/15/2021 12:00,27,,,,,
3/15/2021 13:00,27,,,,,
3/15/2021 14:00,27,,,,,
3/15/2021 15:00,28,,,,,
3/15/2021 16:00,28,,,,,
3/15/2021 17:00,29,,,,,
3/15/2021 18:00,30,,,,,
3/15/2021 19:00,30,,,,,
3/15/2021 20:00,30,,,,,
3/15/2021 21:00,30,,,,,
3/15/2021 22:00,29,,,,,
3/15/2021 23:00,29,,,,,
3/16/2021 0:00,28,,,,,
3/16/2021 1:00,27,,,,,
3/16/2021 2:00,27,,,,,
3/16/2021 3:00,28,,,,,
3/16/2021 4:00,30,,,,,
3/16/2021 5:00,33,,,,,
3/16/2021 6:00,35,,,,,
3/16/2021 7:00,38,,,,,
3/16/2021 8:00,41,,,,,
3/16/2021 9:00,44,,,,,
3/16/2021 10:00,46,,,,,
3/16/2021 11:00,47,,,,,
3/16/2021 12:00,48,,,,,
3/16/2021 13:00,47,,,,,
3/16/2021 14:00,46,,,,,
3/16/2021 15:00,45,,,,,
3/16/2021 16:00,43,,,,,
3/16/2021 17:00,41,,,,,
3/16/2021 18:00,39,,,,,
3/16/2021 19:00,37,,,,,
3/16/2021 20:00,35,,,,,
3/16/2021 21:00,34,,,,,
3/16/2021 22:00,32,,,,,
3/16/2021 23:00,31,,,,,
3/17/2021 0:00,30,,,,,
3/17/2021 1:00,29,,,,,
3/17/2021 2:00,27,,,,,
3/17/2021 3:00,26,,,,,
3/17/2021 4:00,24,,,,,
3/17/2021 5:00,23,,,,,
3/17/2021 6:00,23,,,,,
3/17/2021 7:00,23,,,,,
3/17/2021 8:00,23,,,,,
3/17/2021 9:00,25,,,,,
3/17/2021 10:00,27,,,,,
3/17/2021 11:00,29,,,,,
3/17/2021 12:00,30,,,,,
3/17/2021 13:00,31,,,,,
3/17/2021 14:00,31,,,,,
3/17/2021 15:00,30,,,,,
3/17/2021 16:00,29,,,,,
3/17/2021 17:00,29,,,,,
3/17/2021 18:00,27,,,,,
3/17/2021 19:00,26,,,,,
3/17/2021 20:00,25,,,,,
3/17/2021 21:00,25,,,,,
3/17/2021 22:00,26,,,,,
3/17/2021 23:00,27,,,,,
3/18/2021 0:00,28,,,,,
3/18/2021 1:00,30,,,,,
3/18/2021 2:00,31,,,,,
3/18/2021 3:00,33,,,,,
3/18/2021 4:00,35,,,,,
3/18/2021 5:00,37,,,,,
3/18/2021 6:00,36,,,,,
3/18/2021 7:00,35,,,,,
3/18/2021 8:00,34,,,,,
3/18/2021 9:00,32,,,,,
3/18/2021 10:00,29,,,,,
3/18/2021 11:00,27,,,,,
3/18/2021 12:00,24,,,,,
3/18/2021 13:00,22,,,,,
3/18/2021 14:00,21,,,,,
3/18/2021 15:00,22,,,,,
3/18/2021 16:00,24,,,,,
3/18/2021 17:00,25,,,,,
3/18/2021 18:00,27,,,,,
3/18/2021 19:00,28,,,,,
3/18/2021 20:00,29,,,,,
3/18/2021 21:00,30,,,,,
3/18/2021 22:00,31,,,,,
3/18/2021 23:00,31,,,,,
3/19/2021 0:00,31,,,,,
3/19/2021 1:00,31,,,,,
3/19/2021 2:00,30,,,,,
3/19/2021 3:00,31,,,,,
3/19/2021 4:00,32,,,,,
3/19/2021 5:00,33,,,,,
3/19/2021 6:00,35,,,,,
3/19/2021 7:00,37,,,,,
3/19/2021 8:00,38,,,,,
3/19/2021 9:00,40,,,,,
3/19/2021 10:00,42,,,,,
3/19/2021 11:00,43,,,,,
3/19/2021 12:00,44,,,,,
3/19/2021 13:00,44,,,,,
3/19/2021 14:00,44,,,,,
3/19/2021 15:00,43,,,,,
3/19/2021 16:00,43,,,,,
3/19/2021 17:00,42,,,,,
3/19/2021 18:00,41,,,,,
3/19/2021 19:00,40,,,,,
3/19/2021 20:00,38,,,,,
3/19/2021 21:00,37,,,,,
3/19/2021 22:00,36,,,,,
3/19/2021 23:00,35,,,,,
3/20/2021 0:00,34,,,,,
3/20/2021 1:00,34,,,,,
3/20/2021 2:00,34,,,,,
3/20/2021 3:00,35,,,,,
3/20/2021 4:00,36,,,,,
3/20/2021 5:00,37,,,,,
3/20/2021 6:00,39,,,,,
3/20/2021 7:00,41,,,,,
3/20/2021 8:00,43,,,,,
3/20/2021 9:00,45,,,,,
3/20/2021 10:00,46,,,,,
3/20/2021 11:00,47,,,,,
3/20/2021 12:00,47,,,,,
3/20/2021 13:00,47,,,,,
3/20/2021 14:00,47,,,,,
3/20/2021 15:00,47,,,,,
3/20/2021 16:00,46,,,,,
3/20/2021 17:00,45,,,,,
3/20/2021 18:00,45,,,,,
3/20/2021 19:00,44,,,,,
3/20/2021 20:00,43,,,,,
3/20/2021 21:00,43,,,,,
3/20/2021 22:00,42,,,,,
3/20/2021 23:00,41,,,,,
3/21/2021 0:00,41,,,,,
3/21/2021 1:00,40,,,,,
3/21/2021 2:00,40,,,,,
3/21/2021 3:00,40,,,,,
3/21/2021 4:00,41,,,,,
3/21/2021 5:00,42,,,,,
3/21/2021 6:00,43,,,,,
3/21/2021 7:00,45,,,,,
3/21/2021 8:00,46,,,,,
3/21/2021 9:00,48,,,,,
3/21/2021 10:00,49,,,,,
3/21/2021 11:00,49,,,,,
3/21/2021 12:00,49,,,,,
3/21/2021 13:00,48,,,,,
3/21/2021 14:00,48,,,,,
3/21/2021 15:00,47,,,,,
3/21/2021 16:00,46,,,,,
3/21/2021 17:00,45,,,,,
3/21/2021 18:00,45,,,,,
3/21/2021 19:00,44,,,,,
3/21/2021 20:00,43,,,,,
3/21/2021 21:00,43,,,,,
3/21/2021 22:00,42,,,,,
3/21/2021 23:00,41,,,,,
3/22/2021 0:00,40,,,,,
3/22/2021 1:00,38,,,,,
3/22/2021 2:00,37,,,,,
3/22/2021 3:00,37,,,,,
3/22/2021 4:00,38,,,,,
3/22/2021 5:00,38,,,,,
3/22/2021 6:00,40,,,,,
3/22/2021 7:00,41,,,,,
3/22/2021 8:00,43,,,,,
3/22/2021 9:00,45,,,,,
3/22/2021 10:00,46,,,,,
3/22/2021 11:00,46,,,,,
3/22/2021 12:00,46,,,,,
3/22/2021 13:00,46,,,,,
3/22/2021 14:00,45,,,,,
3/22/2021 15:00,45,,,,,
3/22/2021 16:00,44,,,,,
3/22/2021 17:00,44,,,,,
3/22/2021 18:00,44,,,,,
3/22/2021 19:00,43,,,,,
3/22/2021 20:00,43,,,,,
3/22/2021 21:00,43,,,,,
3/22/2021 22:00,42,,,,,
3/22/2021 23:00,42,,,,,
3/23/2021 0:00,41,,,,,
3/23/2021 1:00,40,,,,,
3/23/2021 2:00,40,,,,,
3/23/2021 3:00,40,,,,,
3/23/2021 4:00,40,,,,,
3/23/2021 5:00,41,,,,,
3/23/2021 6:00,41,,,,,
3/23/2021 7:00,42,,,,,
3/23/2021 8:00,43,,,,,
3/23/2021 9:00,43,,,,,
3/23/2021 10:00,43,,,,,
3/23/2021 11:00,44,,,,,
3/23/2021 12:00,44,,,,,
3/23/2021 13:00,43,,,,,
3/23/2021 14:00,43,,,,,
3/23/2021 15:00,42,,,,,
3/23/2021 16:00,41,,,,,
3/23/2021 17:00,40,,,,,
3/23/2021 18:00,39,,,,,
3/23/2021 19:00,38,,,,,
3/23/2021 20:00,37,,,,,
3/23/2021 21:00,36,,,,,
3/23/2021 22:00,35,,,,,
3/23/2021 23:00,35,,,,,
3/24/2021 0:00,34,,,,,
3/24/2021 1:00,34,,,,,
3/24/2021 2:00,34,,,,,
3/24/2021 3:00,35,,,,,
3/24/2021 4:00,36,,,,,
3/24/2021 5:00,37,,,,,
3/24/2021 6:00,39,,,,,
3/24/2021 7:00,42,,,,,
3/24/2021 8:00,44,,,,,
3/24/2021 9:00,46,,,,,
3/24/2021 10:00,47,,,,,
3/24/2021 11:00,48,,,,,
3/24/2021 12:00,48,,,,,
3/24/2021 13:00,48,,,,,
3/24/2021 14:00,47,,,,,
3/24/2021 15:00,46,,,,,
3/24/2021 16:00,45,,,,,
3/24/2021 17:00,44,,,,,
3/24/2021 18:00,44,,,,,
3/24/2021 19:00,44,,,,,
3/24/2021 20:00,44,,,,,
3/24/2021 21:00,44,,,,,
3/24/2021 22:00,43,,,,,
3/24/2021 23:00,42,,,,,
3/25/2021 0:00,42,,,,,
3/25/2021 1:00,41,,,,,
3/25/2021 2:00,38,,,,,
3/25/2021 3:00,37,,,,,
3/25/2021 4:00,36,,,,,
3/25/2021 5:00,35,,,,,
3/25/2021 6:00,35,,,,,
3/25/2021 7:00,35,,,,,
3/25/2021 8:00,35,,,,,
3/25/2021 9:00,35,,,,,
3/25/2021 10:00,35,,,,,
3/25/2021 11:00,34,,,,,
3/25/2021 12:00,33,,,,,
3/25/2021 13:00,32,,,,,
3/25/2021 14:00,32,,,,,
3/25/2021 15:00,32,,,,,
3/25/2021 16:00,32,,,,,
3/25/2021 17:00,32,,,,,
3/25/2021 18:00,32,,,,,
3/25/2021 19:00,33,,,,,
3/25/2021 20:00,35,,,,,
3/25/2021 21:00,36,,,,,
3/25/2021 22:00,36,,,,,
3/25/2021 23:00,36,,,,,
3/26/2021 0:00,36,,,,,
3/26/2021 1:00,36,,,,,
3/26/2021 2:00,36,,,,,
3/26/2021 3:00,37,,,,,
3/26/2021 4:00,37,,,,,
3/26/2021 5:00,37,,,,,
3/26/2021 6:00,37,,,,,
3/26/2021 7:00,39,,,,,
3/26/2021 8:00,40,,,,,
3/26/2021 9:00,41,,,,,
3/26/2021 10:00,43,,,,,
3/26/2021 11:00,43,,,,,
3/26/2021 12:00,44,,,,,
3/26/2021 13:00,44,,,,,
3/26/2021 14:00,44,,,,,
3/26/2021 15:00,43,,,,,
3/26/2021 16:00,42,,,,,
3/26/2021 17:00,41,,,,,
3/26/2021 18:00,40,,,,,
3/26/2021 19:00,40,,,,,
3/26/2021 20:00,39,,,,,
3/26/2021 21:00,39,,,,,
3/26/2021 22:00,38,,,,,
3/26/2021 23:00,37,,,,,
3/27/2021 0:00,36,,,,,
3/27/2021 1:00,35,,,,,
3/27/2021 2:00,34,,,,,
3/27/2021 3:00,34,,,,,
3/27/2021 4:00,33,,,,,
3/27/2021 5:00,33,,,,,
3/27/2021 6:00,33,,,,,
3/27/2021 7:00,34,,,,,
3/27/2021 8:00,35,,,,,
3/27/2021 9:00,37,,,,,
3/27/2021 10:00,37,,,,,
3/27/2021 11:00,38,,,,,
3/27/2021 12:00,38,,,,,
3/27/2021 13:00,38,,,,,
3/27/2021 14:00,37,,,,,
3/27/2021 15:00,36,,,,,
3/27/2021 16:00,36,,,,,
3/27/2021 17:00,35,,,,,
3/27/2021 18:00,35,,,,,
3/27/2021 19:00,35,,,,,
3/27/2021 20:00,36,,,,,
3/27/2021 21:00,37,,,,,
3/27/2021 22:00,38,,,,,
3/27/2021 23:00,37,,,,,
3/28/2021 0:00,37,,,,,
3/28/2021 1:00,36,,,,,
3/28/2021 2:00,36,,,,,
3/28/2021 3:00,36,,,,,
3/28/2021 4:00,35,,,,,
3/28/2021 5:00,34,,,,,
3/28/2021 6:00,34,,,,,
3/28/2021 7:00,35,,,,,
3/28/2021 8:00,36,,,,,
3/28/2021 9:00,37,,,,,
3/28/2021 10:00,38,,,,,
3/28/2021 11:00,38,,,,,
3/28/2021 12:00,38,,,,,
3/28/2021 13:00,39,,,,,
3/28/2021 14:00,39,,,,,
3/28/2021 15:00,39,,,,,
3/28/2021 16:00,38,,,,,
3/28/2021 17:00,37,,,,,
3/28/2021 18:00,35,,,,,
3/28/2021 19:00,34,,,,,
3/28/2021 20:00,34,,,,,
3/28/2021 21:00,33,,,,,
3/28/2021 22:00,32,,,,,
3/28/2021 23:00,32,,,,,
3/29/2021 0:00,31,,,,,
3/29/2021 1:00,32,,,,,
3/29/2021 2:00,33,,,,,
3/29/2021 3:00,34,,,,,
3/29/2021 4:00,35,,,,,
3/29/2021 5:00,37,,,,,
3/29/2021 6:00,39,,,,,
3/29/2021 7:00,41,,,,,
3/29/2021 8:00,43,,,,,
3/29/2021 9:00,45,,,,,
3/29/2021 10:00,46,,,,,
3/29/2021 11:00,47,,,,,
3/29/2021 12:00,47,,,,,
3/29/2021 13:00,47,,,,,
3/29/2021 14:00,46,,,,,
3/29/2021 15:00,45,,,,,
3/29/2021 16:00,44,,,,,
3/29/2021 17:00,43,,,,,
3/29/2021 18:00,42,,,,,
3/29/2021 19:00,41,,,,,
3/29/2021 20:00,41,,,,,
3/29/2021 21:00,40,,,,,
3/29/2021 22:00,40,,,,,
3/29/2021 23:00,40,,,,,
3/30/2021 0:00,40,,,,,
3/30/2021 1:00,40,,,,,
3/30/2021 2:00,41,,,,,
3/30/2021 3:00,42,,,,,
3/30/2021 4:00,43,,,,,
3/30/2021 5:00,45,,,,,
3/30/2021 6:00,47,,,,,
3/30/2021 7:00,49,,,,,
3/30/2021 8:00,51,,,,,
3/30/2021 9:00,53,,,,,
3/30/2021 10:00,54,,,,,
3/30/2021 11:00,54,,,,,
3/30/2021 12:00,54,,,,,
3/30/2021 13:00,54,,,,,
3/30/2021 14:00,52,,,,,
3/30/2021 15:00,50,,,,,
3/30/2021 16:00,47,,,,,
3/30/2021 17:00,45,,,,,
3/30/2021 18:00,43,,,,,
3/30/2021 19:00,41,,,,,
3/30/2021 20:00,39,,,,,
3/30/2021 21:00,37,,,,,
3/30/2021 22:00,36,,,,,
3/30/2021 23:00,36,,,,,
3/31/2021 0:00,36,,,,,
3/31/2021 1:00,35,,,,,
3/31/2021 2:00,34,,,,,
3/31/2021 3:00,35,,,,,
3/31/2021 4:00,36,,,,,
3/31/2021 5:00,37,,,,,
3/31/2021 6:00,38,,,,,
3/31/2021 7:00,39,,,,,
3/31/2021 8:00,40,,,,,
3/31/2021 9:00,41,,,,,
3/31/2021 10:00,41,,,,,
3/31/2021 11:00,41,,,,,
3/31/2021 12:00,41,,,,,
3/31/2021 13:00,41,,,,,
3/31/2021 14:00,40,,,,,
3/31/2021 15:00,40,,,,,
3/31/2021 16:00,40,,,,,
3/31/2021 17:00,40,,,,,
3/31/2021 18:00,40,,,,,
3/31/2021 19:00,-999,,,,,
3/31/2021 20:00,-999,,,,,
3/31/2021 21:00,-999,,,,,
3/31/2021 22:00,-999,,,,,
3/31/2021 23:00,-999,,,,,
4/1/2021 0:00,35,,,,,
4/1/2021 1:00,34,,,,,
4/1/2021 2:00,34,,,,,
4/1/2021 3:00,34,,,,,
4/1/2021 4:00,34,,,,,
4/1/2021 5:00,35,,,,,
4/1/2021 6:00,35,,,,,
4/1/2021 7:00,37,,,,,
4/1/2021 8:00,38,,,,,
4/1/2021 9:00,40,,,,,
4/1/2021 10:00,41,,,,,
4/1/2021 11:00,41,,,,,
4/1/2021 12:00,42,,,,,
4/1/2021 13:00,42,,,,,
4/1/2021 14:00,42,,,,,
4/1/2021 15:00,41,,,,,
4/1/2021 16:00,41,,,,,
4/1/2021 17:00,40,,,,,
4/1/2021 18:00,39,,,,,
4/1/2021 19:00,37,,,,,
4/1/2021 20:00,36,,,,,
4/1/2021 21:00,35,,,,,
4/1/2021 22:00,34,,,,,
4/1/2021 23:00,33,,,,,
4/2/2021 0:00,33,,,,,
4/2/2021 1:00,33,,,,,
4/2/2021 2:00,34,,,,,
4/2/2021 3:00,36,,,,,
4/2/2021 4:00,37,,,,,
4/2/2021 5:00,39,,,,,
4/2/2021 6:00,41,,,,,
4/2/2021 7:00,43,,,,,
4/2/2021 8:00,44,,,,,
4/2/2021 9:00,45,,,,,
4/2/2021 10:00,46,,,,,
4/2/2021 11:00,46,,,,,
4/2/2021 12:00,46,,,,,
4/2/2021 13:00,46,,,,,
4/2/2021 14:00,45,,,,,
4/2/2021 15:00,45,,,,,
4/2/2021 16:00,44,,,,,
4/2/2021 17:00,43,,,,,
4/2/2021 18:00,43,,,,,
4/2/2021 19:00,42,,,,,
4/2/2021 20:00,41,,,,,
4/2/2021 21:00,41,,,,,
4/2/2021 22:00,40,,,,,
4/2/2021 23:00,39,,,,,
4/3/2021 0:00,39,,,,,
4/3/2021 1:00,38,,,,,
4/3/2021 2:00,38,,,,,
4/3/2021 3:00,38,,,,,
4/3/2021 4:00,39,,,,,
4/3/2021 5:00,41,,,,,
4/3/2021 6:00,42,,,,,
4/3/2021 7:00,44,,,,,
4/3/2021 8:00,46,,,,,
4/3/2021 9:00,49,,,,,
4/3/2021 10:00,50,,,,,
4/3/2021 11:00,51,,,,,
4/3/2021 12:00,52,,,,,
4/3/2021 13:00,52,,,,,
4/3/2021 14:00,53,,,,,
4/3/2021 15:00,52,,,,,
4/3/2021 16:00,51,,,,,
4/3/2021 17:00,50,,,,,
4/3/2021 18:00,49,,,,,
4/3/2021 19:00,47,,,,,
4/3/2021 20:00,46,,,,,
4/3/2021 21:00,44,,,,,
4/3/2021 22:00,42,,,,,
4/3/2021 23:00,41,,,,,
4/4/2021 0:00,40,,,,,
4/4/2021 1:00,40,,,,,
4/4/2021 2:00,40,,,,,
4/4/2021 3:00,41,,,,,
4/4/2021 4:00,43,,,,,
4/4/2021 5:00,45,,,,,
4/4/2021 6:00,47,,,,,
4/4/2021 7:00,49,,,,,
4/4/2021 8:00,51,,,,,
4/4/2021 9:00,53,,,,,
4/4/2021 10:00,55,,,,,
4/4/2021 11:00,55,,,,,
4/4/2021 12:00,55,,,,,
4/4/2021 13:00,55,,,,,
4/4/2021 14:00,55,,,,,
4/4/2021 15:00,54,,,,,
4/4/2021 16:00,54,,,,,
4/4/2021 17:00,53,,,,,
4/4/2021 18:00,53,,,,,
4/4/2021 19:00,53,,,,,
4/4/2021 20:00,52,,,,,
4/4/2021 21:00,51,,,,,
4/4/2021 22:00,51,,,,,
4/4/2021 23:00,49,,,,,
4/5/2021 0:00,47,,,,,
4/5/2021 1:00,46,,,,,
4/5/2021 2:00,45,,,,,
4/5/2021 3:00,46,,,,,
4/5/2021 4:00,46,,,,,
4/5/2021 5:00,48,,,,,
4/5/2021 6:00,50,,,,,
4/5/2021 7:00,52,,,,,
4/5/2021 8:00,55,,,,,
4/5/2021 9:00,58,,,,,
4/5/2021 10:00,59,,,,,
4/5/2021 11:00,59,,,,,
4/5/2021 12:00,59,,,,,
4/5/2021 13:00,58,,,,,
4/5/2021 14:00,58,,,,,
4/5/2021 15:00,58,,,,,
4/5/2021 16:00,57,,,,,
4/5/2021 17:00,56,,,,,
4/5/2021 18:00,55,,,,,
4/5/2021 19:00,53,,,,,
4/5/2021 20:00,52,,,,,
4/5/2021 21:00,51,,,,,
4/5/2021 22:00,49,,,,,
4/5/2021 23:00,46,,,,,
4/6/2021 0:00,43,,,,,
4/6/2021 1:00,41,,,,,
4/6/2021 2:00,41,,,,,
4/6/2021 3:00,41,,,,,
4/6/2021 4:00,43,,,,,
4/6/2021 5:00,45,,,,,
4/6/2021 6:00,47,,,,,
4/6/2021 7:00,50,,,,,
4/6/2021 8:00,53,,,,,
4/6/2021 9:00,57,,,,,
4/6/2021 10:00,60,,,,,
4/6/2021 11:00,60,,,,,
4/6/2021 12:00,60,,,,,
4/6/2021 13:00,60,,,,,
4/6/2021 14:00,59,,,,,
4/6/2021 15:00,58,,,,,
4/6/2021 16:00,56,,,,,
4/6/2021 17:00,54,,,,,
4/6/2021 18:00,52,,,,,
4/6/2021 19:00,51,,,,,
4/6/2021 20:00,49,,,,,
4/6/2021 21:00,48,,,,,
4/6/2021 22:00,48,,,,,
4/6/2021 23:00,47,,,,,
4/7/2021 0:00,46,,,,,
4/7/2021 1:00,45,,,,,
4/7/2021 2:00,44,,,,,
4/7/2021 3:00,43,,,,,
4/7/2021 4:00,43,,,,,
4/7/2021 5:00,43,,,,,
4/7/2021 6:00,43,,,,,
4/7/2021 7:00,43,,,,,
4/7/2021 8:00,44,,,,,
4/7/2021 9:00,44,,,,,
4/7/2021 10:00,44,,,,,
4/7/2021 11:00,44,,,,,
4/7/2021 12:00,43,,,,,
4/7/2021 13:00,42,,,,,
4/7/2021 14:00,42,,,,,
4/7/2021 15:00,41,,,,,
4/7/2021 16:00,40,,,,,
4/7/2021 17:00,40,,,,,
4/7/2021 18:00,39,,,,,
4/7/2021 19:00,39,,,,,
4/7/2021 20:00,39,,,,,
4/7/2021 21:00,39,,,,,
4/7/2021 22:00,39,,,,,
4/7/2021 23:00,40,,,,,
4/8/2021 0:00,40,,,,,
4/8/2021 1:00,40,,,,,
4/8/2021 2:00,41,,,,,
4/8/2021 3:00,41,,,,,
4/8/2021 4:00,41,,,,,
4/8/2021 5:00,41,,,,,
4/8/2021 6:00,41,,,,,
4/8/2021 7:00,42,,,,,
4/8/2021 8:00,42,,,,,
4/8/2021 9:00,42,,,,,
4/8/2021 10:00,42,,,,,
4/8/2021 11:00,42,,,,,
4/8/2021 12:00,42,,,,,
4/8/2021 13:00,42,,,,,
4/8/2021 14:00,42,,,,,
4/8/2021 15:00,42,,,,,
4/8/2021 16:00,41,,,,,
4/8/2021 17:00,41,,,,,
4/8/2021 18:00,41,,,,,
4/8/2021 19:00,41,,,,,
4/8/2021 20:00,41,,,,,
4/8/2021 21:00,39,,,,,
4/8/2021 22:00,38,,,,,
4/8/2021 23:00,38,,,,,
4/9/2021 0:00,37,,,,,
4/9/2021 1:00,37,,,,,
4/9/2021 2:00,38,,,,,
4/9/2021 3:00,39,,,,,
4/9/2021 4:00,41,,,,,
4/9/2021 5:00,44,,,,,
4/9/2021 6:00,46,,,,,
4/9/2021 7:00,49,,,,,
4/9/2021 8:00,51,,,,,
4/9/2021 9:00,53,,,,,
4/9/2021 10:00,54,,,,,
4/9/2021 11:00,54,,,,,
4/9/2021 12:00,54,,,,,
4/9/2021 13:00,53,,,,,
4/9/2021 14:00,51,,,,,
4/9/2021 15:00,48,,,,,
4/9/2021 16:00,46,,,,,
4/9/2021 17:00,44,,,,,
4/9/2021 18:00,42,,,,,
4/9/2021 19:00,40,,,,,
4/9/2021 20:00,39,,,,,
4/9/2021 21:00,37,,,,,
4/9/2021 22:00,36,,,,,
4/9/2021 23:00,35,,,,,
4/10/2021 0:00,34,,,,,
4/10/2021 1:00,33,,,,,
4/10/2021 2:00,32,,,,,
4/10/2021 3:00,30,,,,,
4/10/2021 4:00,30,,,,,
4/10/2021 5:00,30,,,,,
4/10/2021 6:00,31,,,,,
4/10/2021 7:00,32,,,,,
4/10/2021 8:00,34,,,,,
4/10/2021 9:00,36,,,,,
4/10/2021 10:00,39,,,,,
4/10/2021 11:00,42,,,,,
4/10/2021 12:00,44,,,,,
4/10/2021 13:00,45,,,,,
4/10/2021 14:00,45,,,,,
4/10/2021 15:00,44,,,,,
4/10/2021 16:00,44,,,,,
4/10/2021 17:00,43,,,,,
4/10/2021 18:00,41,,,,,
4/10/2021 19:00,39,,,,,
4/10/2021 20:00,37,,,,,
4/10/2021 21:00,36,,,,,
4/10/2021 22:00,36,,,,,
4/10/2021 23:00,35,,,,,
4/11/2021 0:00,34,,,,,
4/11/2021 1:00,34,,,,,
4/11/2021 2:00,35,,,,,
4/11/2021 3:00,37,,,,,
4/11/2021 4:00,39,,,,,
4/11/2021 5:00,41,,,,,
4/11/2021 6:00,43,,,,,
4/11/2021 7:00,45,,,,,
4/11/2021 8:00,47,,,,,
4/11/2021 9:00,49,,,,,
4/11/2021 10:00,50,,,,,
4/11/2021 11:00,50,,,,,
4/11/2021 12:00,50,,,,,
4/11/2021 13:00,50,,,,,
4/11/2021 14:00,49,,,,,
4/11/2021 15:00,49,,,,,
4/11/2021 16:00,49,,,,,
4/11/2021 17:00,48,,,,,
4/11/2021 18:00,47,,,,,
4/11/2021 19:00,46,,,,,
4/11/2021 20:00,45,,,,,
4/11/2021 21:00,43,,,,,
4/11/2021 22:00,40,,,,,
4/11/2021 23:00,37,,,,,
4/12/2021 0:00,36,,,,,
4/12/2021 1:00,35,,,,,
4/12/2021 2:00,35,,,,,
4/12/2021 3:00,36,,,,,
4/12/2021 4:00,37,,,,,
4/12/2021 5:00,40,,,,,
4/12/2021 6:00,43,,,,,
4/12/2021 7:00,47,,,,,
4/12/2021 8:00,50,,,,,
4/12/2021 9:00,53,,,,,
4/12/2021 10:00,55,,,,,
4/12/2021 11:00,56,,,,,
4/12/2021 12:00,57,,,,,
4/12/2021 13:00,57,,,,,
4/12/2021 14:00,57,,,,,
4/12/2021 15:00,56,,,,,
4/12/2021 16:00,55,,,,,
4/12/2021 17:00,53,,,,,
4/12/2021 18:00,51,,,,,
4/12/2021 19:00,49,,,,,
4/12/2021 20:00,47,,,,,
4/12/2021 21:00,44,,,,,
4/12/2021 22:00,42,,,,,
4/12/2021 23:00,40,,,,,
4/13/2021 0:00,38,,,,,
4/13/2021 1:00,36,,,,,
4/13/2021 2:00,34,,,,,
4/13/2021 3:00,34,,,,,
4/13/2021 4:00,33,,,,,
4/13/2021 5:00,33,,,,,
4/13/2021 6:00,36,,,,,
4/13/2021 7:00,40,,,,,
4/13/2021 8:00,-999,,,,,
4/13/2021 9:00,-999,,,,,
4/13/2021 10:00,-999,,,,,
4/13/2021 11:00,-999,,,,,
4/13/2021 12:00,53,,,,,
4/13/2021 13:00,52,,,,,
4/13/2021 14:00,52,,,,,
4/13/2021 15:00,51,,,,,
4/13/2021 16:00,50,,,,,
4/13/2021 17:00,49,,,,,
4/13/2021 18:00,47,,,,,
4/13/2021 19:00,45,,,,,
4/13/2021 20:00,43,,,,,
4/13/2021 21:00,42,,,,,
4/13/2021 22:00,40,,,,,
4/13/2021 23:00,39,,,,,
4/14/2021 0:00,39,,,,,
4/14/2021 1:00,38,,,,,
4/14/2021 2:00,39,,,,,
4/14/2021 3:00,40,,,,,
4/14/2021 4:00,40,,,,,
4/14/2021 5:00,41,,,,,
4/14/2021 6:00,42,,,,,
4/14/2021 7:00,42,,,,,
4/14/2021 8:00,42,,,,,
4/14/2021 9:00,42,,,,,
4/14/2021 10:00,41,,,,,
4/14/2021 11:00,40,,,,,
4/14/2021 12:00,39,,,,,
4/14/2021 13:00,38,,,,,
4/14/2021 14:00,36,,,,,
4/14/2021 15:00,35,,,,,
4/14/2021 16:00,34,,,,,
4/14/2021 17:00,32,,,,,
4/14/2021 18:00,31,,,,,
4/14/2021 19:00,30,,,,,
4/14/2021 20:00,30,,,,,
4/14/2021 21:00,29,,,,,
4/14/2021 22:00,28,,,,,
4/14/2021 23:00,27,,,,,
4/15/2021 0:00,26,,,,,
4/15/2021 1:00,26,,,,,
4/15/2021 2:00,26,,,,,
4/15/2021 3:00,27,,,,,
4/15/2021 4:00,27,,,,,
4/15/2021 5:00,28,,,,,
4/15/2021 6:00,29,,,,,
4/15/2021 7:00,31,,,,,
4/15/2021 8:00,32,,,,,
4/15/2021 9:00,34,,,,,
4/15/2021 10:00,34,,,,,
4/15/2021 11:00,35,,,,,
4/15/2021 12:00,36,,,,,
4/15/2021 13:00,36,,,,,
4/15/2021 14:00,35,,,,,
4/15/2021 15:00,35,,,,,
4/15/2021 16:00,34,,,,,
4/15/2021 17:00,33,,,,,
4/15/2021 18:00,33,,,,,
4/15/2021 19:00,32,,,,,
4/15/2021 20:00,31,,,,,
4/15/2021 21:00,29,,,,,
4/15/2021 22:00,28,,,,,
4/15/2021 23:00,27,,,,,
4/16/2021 0:00,26,,,,,
4/16/2021 1:00,26,,,,,
4/16/2021 2:00,26,,,,,
4/16/2021 3:00,27,,,,,
4/16/2021 4:00,29,,,,,
4/16/2021 5:00,31,,,,,
4/16/2021 6:00,33,,,,,
4/16/2021 7:00,36,,,,,
4/16/2021 8:00,38,,,,,
4/16/2021 9:00,40,,,,,
4/16/2021 10:00,41,,,,,
4/16/2021 11:00,42,,,,,
4/16/2021 12:00,42,,,,,
4/16/2021 13:00,42,,,,,
4/16/2021 14:00,42,,,,,
4/16/2021 15:00,41,,,,,
4/16/2021 16:00,39,,,,,
4/16/2021 17:00,38,,,,,
4/16/2021 18:00,37,,,,,
4/16/2021 19:00,36,,,,,
4/16/2021 20:00,33,,,,,
4/16/2021 21:00,30,,,,,
4/16/2021 22:00,28,,,,,
4/16/2021 23:00,26,,,,,
4/17/2021 0:00,25,,,,,
4/17/2021 1:00,24,,,,,
4/17/2021 2:00,24,,,,,
4/17/2021 3:00,24,,,,,
4/17/2021 4:00,26,,,,,
4/17/2021 5:00,30,,,,,
4/17/2021 6:00,33,,,,,
4/17/2021 7:00,36,,,,,
4/17/2021 8:00,38,,,,,
4/17/2021 9:00,40,,,,,
4/17/2021 10:00,42,,,,,
4/17/2021 11:00,43,,,,,
4/17/2021 12:00,44,,,,,
4/17/2021 13:00,43,,,,,
4/17/2021 14:00,41,,,,,
4/17/2021 15:00,40,,,,,
4/17/2021 16:00,38,,,,,
4/17/2021 17:00,36,,,,,
4/17/2021 18:00,33,,,,,
4/17/2021 19:00,30,,,,,
4/17/2021 20:00,28,,,,,
4/17/2021 21:00,25,,,,,
4/17/2021 22:00,24,,,,,
4/17/2021 23:00,21,,,,,
4/18/2021 0:00,20,,,,,
4/18/2021 1:00,21,,,,,
4/18/2021 2:00,24,,,,,
4/18/2021 3:00,28,,,,,
4/18/2021 4:00,31,,,,,
4/18/2021 5:00,35,,,,,
4/18/2021 6:00,39,,,,,
4/18/2021 7:00,44,,,,,
4/18/2021 8:00,47,,,,,
4/18/2021 9:00,49,,,,,
4/18/2021 10:00,48,,,,,
4/18/2021 11:00,48,,,,,
4/18/2021 12:00,47,,,,,
4/18/2021 13:00,45,,,,,
4/18/2021 14:00,42,,,,,
4/18/2021 15:00,40,,,,,
4/18/2021 16:00,37,,,,,
4/18/2021 17:00,35,,,,,
4/18/2021 18:00,32,,,,,
4/18/2021 19:00,29,,,,,
4/18/2021 20:00,26,,,,,
4/18/2021 21:00,25,,,,,
4/18/2021 22:00,23,,,,,
4/18/2021 23:00,21,,,,,
4/19/2021 0:00,21,,,,,
4/19/2021 1:00,22,,,,,
4/19/2021 2:00,23,,,,,
4/19/2021 3:00,26,,,,,
4/19/2021 4:00,29,,,,,
4/19/2021 5:00,32,,,,,
4/19/2021 6:00,36,,,,,
4/19/2021 7:00,39,,,,,
4/19/2021 8:00,42,,,,,
4/19/2021 9:00,44,,,,,
4/19/2021 10:00,46,,,,,
4/19/2021 11:00,46,,,,,
4/19/2021 12:00,46,,,,,
4/19/2021 13:00,46,,,,,
4/19/2021 14:00,45,,,,,
4/19/2021 15:00,44,,,,,
4/19/2021 16:00,43,,,,,
4/19/2021 17:00,42,,,,,
4/19/2021 18:00,41,,,,,
4/19/2021 19:00,40,,,,,
4/19/2021 20:00,39,,,,,
4/19/2021 21:00,38,,,,,
4/19/2021 22:00,37,,,,,
4/19/2021 23:00,35,,,,,
4/20/2021 0:00,34,,,,,
4/20/2021 1:00,34,,,,,
4/20/2021 2:00,34,,,,,
4/20/2021 3:00,36,,,,,
4/20/2021 4:00,39,,,,,
4/20/2021 5:00,41,,,,,
4/20/2021 6:00,44,,,,,
4/20/2021 7:00,47,,,,,
4/20/2021 8:00,49,,,,,
4/20/2021 9:00,51,,,,,
4/20/2021 10:00,53,,,,,
4/20/2021 11:00,52,,,,,
4/20/2021 12:00,48,,,,,
4/20/2021 13:00,43,,,,,
4/20/2021 14:00,40,,,,,
4/20/2021 15:00,37,,,,,
4/20/2021 16:00,35,,,,,
4/20/2021 17:00,32,,,,,
4/20/2021 18:00,28,,,,,
4/20/2021 19:00,25,,,,,
4/20/2021 20:00,24,,,,,
4/20/2021 21:00,25,,,,,
4/20/2021 22:00,24,,,,,
4/20/2021 23:00,24,,,,,
4/21/2021 0:00,25,,,,,
4/21/2021 1:00,27,,,,,
4/21/2021 2:00,30,,,,,
4/21/2021 3:00,32,,,,,
4/21/2021 4:00,34,,,,,
4/21/2021 5:00,36,,,,,
4/21/2021 6:00,37,,,,,
4/21/2021 7:00,39,,,,,
4/21/2021 8:00,40,,,,,
4/21/2021 9:00,42,,,,,
4/21/2021 10:00,42,,,,,
4/21/2021 11:00,43,,,,,
4/21/2021 12:00,43,,,,,
4/21/2021 13:00,44,,,,,
4/21/2021 14:00,43,,,,,
4/21/2021 15:00,41,,,,,
4/21/2021 16:00,39,,,,,
4/21/2021 17:00,36,,,,,
4/21/2021 18:00,34,,,,,
4/21/2021 19:00,31,,,,,
4/21/2021 20:00,29,,,,,
4/21/2021 21:00,26,,,,,
4/21/2021 22:00,24,,,,,
4/21/2021 23:00,23,,,,,
4/22/2021 0:00,22,,,,,
4/22/2021 1:00,21,,,,,
4/22/2021 2:00,-999,,,,,
4/22/2021 3:00,-999,,,,,
4/22/2021 4:00,-999,,,,,
4/22/2021 5:00,-999,,,,,
4/22/2021 6:00,-999,,,,,
4/22/2021 7:00,-999,,,,,
4/22/2021 8:00,-999,,,,,
4/22/2021 9:00,-999,,,,,
4/22/2021 10:00,-999,,,,,
4/22/2021 11:00,50,,,,,
4/22/2021 12:00,49,,,,,
4/22/2021 13:00,49,,,,,
4/22/2021 14:00,49,,,,,
4/22/2021 15:00,48,,,,,
4/22/2021 16:00,48,,,,,
4/22/2021 17:00,47,,,,,
4/22/2021 18:00,46,,,,,
4/22/2021 19:00,45,,,,,
4/22/2021 20:00,44,,,,,
4/22/2021 21:00,43,,,,,
4/22/2021 22:00,42,,,,,
4/22/2021 23:00,41,,,,,
4/23/2021 0:00,40,,,,,
4/23/2021 1:00,39,,,,,
4/23/2021 2:00,38,,,,,
4/23/2021 3:00,39,,,,,
4/23/2021 4:00,40,,,,,
4/23/2021 5:00,41,,,,,
4/23/2021 6:00,42,,,,,
4/23/2021 7:00,43,,,,,
4/23/2021 8:00,44,,,,,
4/23/2021 9:00,46,,,,,
4/23/2021 10:00,47,,,,,
4/23/2021 11:00,47,,,,,
4/23/2021 12:00,47,,,,,
4/23/2021 13:00,46,,,,,
4/23/2021 14:00,46,,,,,
4/23/2021 15:00,46,,,,,
4/23/2021 16:00,45,,,,,
4/23/2021 17:00,44,,,,,
4/23/2021 18:00,44,,,,,
4/23/2021 19:00,43,,,,,
4/23/2021 20:00,43,,,,,
4/23/2021 21:00,42,,,,,
4/23/2021 22:00,41,,,,,
4/23/2021 23:00,40,,,,,
4/24/2021 0:00,40,,,,,
4/24/2021 1:00,40,,,,,
4/24/2021 2:00,39,,,,,
4/24/2021 3:00,39,,,,,
4/24/2021 4:00,39,,,,,
4/24/2021 5:00,39,,,,,
4/24/2021 6:00,39,,,,,
4/24/2021 7:00,39,,,,,
4/24/2021 8:00,39,,,,,
4/24/2021 9:00,39,,,,,
4/24/2021 10:00,38,,,,,
4/24/2021 11:00,38,,,,,
4/24/2021 12:00,38,,,,,
4/24/2021 13:00,37,,,,,
4/24/2021 14:00,37,,,,,
4/24/2021 15:00,37,,,,,
4/24/2021 16:00,37,,,,,
4/24/2021 17:00,37,,,,,
4/24/2021 18:00,36,,,,,
4/24/2021 19:00,36,,,,,
4/24/2021 20:00,35,,,,,
4/24/2021 21:00,34,,,,,
4/24/2021 22:00,33,,,,,
4/24/2021 23:00,32,,,,,
4/25/2021 0:00,31,,,,,
4/25/2021 1:00,31,,,,,
4/25/2021 2:00,31,,,,,
4/25/2021 3:00,31,,,,,
4/25/2021 4:00,32,,,,,
4/25/2021 5:00,34,,,,,
4/25/2021 6:00,36,,,,,
4/25/2021 7:00,38,,,,,
4/25/2021 8:00,41,,,,,
4/25/2021 9:00,43,,,,,
4/25/2021 10:00,44,,,,,
4/25/2021 11:00,45,,,,,
4/25/2021 12:00,45,,,,,
4/25/2021 13:00,45,,,,,
4/25/2021 14:00,44,,,,,
4/25/2021 15:00,43,,,,,
4/25/2021 16:00,42,,,,,
4/25/2021 17:00,42,,,,,
4/25/2021 18:00,41,,,,,
4/25/2021 19:00,40,,,,,
4/25/2021 20:00,39,,,,,
4/25/2021 21:00,39,,,,,
4/25/2021 22:00,38,,,,,
4/25/2021 23:00,37,,,,,
4/26/2021 0:00,36,,,,,
4/26/2021 1:00,35,,,,,
4/26/2021 2:00,36,,,,,
4/26/2021 3:00,37,,,,,
4/26/2021 4:00,39,,,,,
4/26/2021 5:00,40,,,,,
4/26/2021 6:00,43,,,,,
4/26/2021 7:00,46,,,,,
4/26/2021 8:00,49,,,,,
4/26/2021 9:00,52,,,,,
4/26/2021 10:00,53,,,,,
4/26/2021 11:00,54,,,,,
4/26/2021 12:00,53,,,,,
4/26/2021 13:00,53,,,,,
4/26/2021 14:00,52,,,,,
4/26/2021 15:00,50,,,,,
4/26/2021 16:00,49,,,,,
4/26/2021 17:00,47,,,,,
4/26/2021 18:00,45,,,,,
4/26/2021 19:00,44,,,,,
4/26/2021 20:00,43,,,,,
4/26/2021 21:00,43,,,,,
4/26/2021 22:00,42,,,,,
4/26/2021 23:00,42,,,,,
4/27/2021 0:00,42,,,,,
4/27/2021 1:00,42,,,,,
4/27/2021 2:00,44,,,,,
4/27/2021 3:00,46,,,,,
4/27/2021 4:00,48,,,,,
4/27/2021 5:00,50,,,,,
4/27/2021 6:00,51,,,,,
4/27/2021 7:00,54,,,,,
4/27/2021 8:00,56,,,,,
4/27/2021 9:00,58,,,,,
4/27/2021 10:00,57,,,,,
4/27/2021 11:00,57,,,,,
4/27/2021 12:00,55,,,,,
4/27/2021 13:00,53,,,,,
4/27/2021 14:00,51,,,,,
4/27/2021 15:00,49,,,,,
4/27/2021 16:00,46,,,,,
4/27/2021 17:00,44,,,,,
4/27/2021 18:00,42,,,,,
4/27/2021 19:00,41,,,,,
4/27/2021 20:00,40,,,,,
4/27/2021 21:00,39,,,,,
4/27/2021 22:00,38,,,,,
4/27/2021 23:00,37,,,,,
4/28/2021 0:00,36,,,,,
4/28/2021 1:00,35,,,,,
4/28/2021 2:00,34,,,,,
4/28/2021 3:00,33,,,,,
4/28/2021 4:00,32,,,,,
4/28/2021 5:00,31,,,,,
4/28/2021 6:00,30,,,,,
4/28/2021 7:00,30,,,,,
4/28/2021 8:00,30,,,,,
4/28/2021 9:00,29,,,,,
4/28/2021 10:00,28,,,,,
4/28/2021 11:00,26,,,,,
4/28/2021 12:00,25,,,,,
4/28/2021 13:00,24,,,,,
4/28/2021 14:00,22,,,,,
4/28/2021 15:00,21,,,,,
4/28/2021 16:00,20,,,,,
4/28/2021 17:00,19,,,,,
4/28/2021 18:00,19,,,,,
4/28/2021 19:00,19,,,,,
4/28/2021 20:00,19,,,,,
4/28/2021 21:00,19,,,,,
4/28/2021 22:00,20,,,,,
4/28/2021 23:00,21,,,,,
4/29/2021 0:00,21,,,,,
4/29/2021 1:00,22,,,,,
4/29/2021 2:00,23,,,,,
4/29/2021 3:00,24,,,,,
4/29/2021 4:00,24,,,,,
4/29/2021 5:00,25,,,,,
4/29/2021 6:00,25,,,,,
4/29/2021 7:00,26,,,,,
4/29/2021 8:00,28,,,,,
4/29/2021 9:00,28,,,,,
4/29/2021 10:00,29,,,,,
4/29/2021 11:00,29,,,,,
4/29/2021 12:00,30,,,,,
4/29/2021 13:00,31,,,,,
4/29/2021 14:00,31,,,,,
4/29/2021 15:00,31,,,,,
4/29/2021 16:00,30,,,,,
4/29/2021 17:00,29,,,,,
4/29/2021 18:00,28,,,,,
4/29/2021 19:00,27,,,,,
4/29/2021 20:00,25,,,,,
4/29/2021 21:00,23,,,,,
4/29/2021 22:00,20,,,,,
4/29/2021 23:00,19,,,,,
4/30/2021 0:00,18,,,,,
4/30/2021 1:00,19,,,,,
4/30/2021 2:00,21,,,,,
4/30/2021 3:00,24,,,,,
4/30/2021 4:00,28,,,,,
4/30/2021 5:00,32,,,,,
4/30/2021 6:00,37,,,,,
4/30/2021 7:00,41,,,,,
4/30/2021 8:00,45,,,,,
4/30/2021 9:00,48,,,,,
4/30/2021 10:00,50,,,,,
4/30/2021 11:00,51,,,,,
4/30/2021 12:00,51,,,,,
4/30/2021 13:00,51,,,,,
4/30/2021 14:00,51,,,,,
4/30/2021 15:00,50,,,,,
4/30/2021 16:00,49,,,,,
4/30/2021 17:00,48,,,,,
4/30/2021 18:00,48,,,,,
4/30/2021 19:00,-999,,,,,
4/30/2021 20:00,-999,,,,,
4/30/2021 21:00,-999,,,,,
4/30/2021 22:00,-999,,,,,
4/30/2021 23:00,-999,,,,,
5/1/2021 0:00,37,,,,,
5/1/2021 1:00,37,,,,,
5/1/2021 2:00,37,,,,,
5/1/2021 3:00,37,,,,,
5/1/2021 4:00,39,,,,,
5/1/2021 5:00,40,,,,,
5/1/2021 6:00,43,,,,,
5/1/2021 7:00,45,,,,,
5/1/2021 8:00,47,,,,,
5/1/2021 9:00,50,,,,,
5/1/2021 10:00,52,,,,,
5/1/2021 11:00,54,,,,,
5/1/2021 12:00,55,,,,,
5/1/2021 13:00,56,,,,,
5/1/2021 14:00,56,,,,,
5/1/2021 15:00,56,,,,,
5/1/2021 16:00,55,,,,,
5/1/2021 17:00,54,,,,,
5/1/2021 18:00,52,,,,,
5/1/2021 19:00,50,,,,,
5/1/2021 20:00,48,,,,,
5/1/2021 21:00,47,,,,,
5/1/2021 22:00,45,,,,,
5/1/2021 23:00,43,,,,,
5/2/2021 0:00,41,,,,,
5/2/2021 1:00,39,,,,,
5/2/2021 2:00,37,,,,,
5/2/2021 3:00,37,,,,,
5/2/2021 4:00,37,,,,,
5/2/2021 5:00,37,,,,,
5/2/2021 6:00,37,,,,,
5/2/2021 7:00,38,,,,,
5/2/2021 8:00,39,,,,,
5/2/2021 9:00,39,,,,,
5/2/2021 10:00,40,,,,,
5/2/2021 11:00,39,,,,,
5/2/2021 12:00,38,,,,,
5/2/2021 13:00,37,,,,,
5/2/2021 14:00,36,,,,,
5/2/2021 15:00,35,,,,,
5/2/2021 16:00,33,,,,,
5/2/2021 17:00,32,,,,,
5/2/2021 18:00,32,,,,,
5/2/2021 19:00,31,,,,,
5/2/2021 20:00,31,,,,,
5/2/2021 21:00,30,,,,,
5/2/2021 22:00,29,,,,,
5/2/2021 23:00,29,,,,,
5/3/2021 0:00,29,,,,,
5/3/2021 1:00,29,,,,,
5/3/2021 2:00,29,,,,,
5/3/2021 3:00,31,,,,,
5/3/2021 4:00,32,,,,,
5/3/2021 5:00,33,,,,,
5/3/2021 6:00,35,,,,,
5/3/2021 7:00,36,,,,,
5/3/2021 8:00,39,,,,,
5/3/2021 9:00,41,,,,,
5/3/2021 10:00,42,,,,,
5/3/2021 11:00,42,,,,,
5/3/2021 12:00,42,,,,,
5/3/2021 13:00,41,,,,,
5/3/2021 14:00,39,,,,,
5/3/2021 15:00,38,,,,,
5/3/2021 16:00,35,,,,,
5/3/2021 17:00,33,,,,,
5/3/2021 18:00,32,,,,,
5/3/2021 19:00,31,,,,,
5/3/2021 20:00,32,,,,,
5/3/2021 21:00,34,,,,,
5/3/2021 22:00,36,,,,,
5/3/2021 23:00,38,,,,,
5/4/2021 0:00,40,,,,,
5/4/2021 1:00,41,,,,,
5/4/2021 2:00,43,,,,,
5/4/2021 3:00,44,,,,,
5/4/2021 4:00,44,,,,,
5/4/2021 5:00,44,,,,,
5/4/2021 6:00,44,,,,,
5/4/2021 7:00,44,,,,,
5/4/2021 8:00,45,,,,,
5/4/2021 9:00,45,,,,,
5/4/2021 10:00,44,,,,,
5/4/2021 11:00,44,,,,,
5/4/2021 12:00,43,,,,,
5/4/2021 13:00,43,,,,,
5/4/2021 14:00,42,,,,,
5/4/2021 15:00,41,,,,,
5/4/2021 16:00,38,,,,,
5/4/2021 17:00,36,,,,,
5/4/2021 18:00,35,,,,,
5/4/2021 19:00,33,,,,,
5/4/2021 20:00,30,,,,,
5/4/2021 21:00,27,,,,,
5/4/2021 22:00,25,,,,,
5/4/2021 23:00,23,,,,,
5/5/2021 0:00,22,,,,,
5/5/2021 1:00,21,,,,,
5/5/2021 2:00,20,,,,,
5/5/2021 3:00,20,,,,,
5/5/2021 4:00,21,,,,,
5/5/2021 5:00,23,,,,,
5/5/2021 6:00,25,,,,,
5/5/2021 7:00,26,,,,,
5/5/2021 8:00,29,,,,,
5/5/2021 9:00,31,,,,,
5/5/2021 10:00,34,,,,,
5/5/2021 11:00,35,,,,,
5/5/2021 12:00,36,,,,,
5/5/2021 13:00,35,,,,,
5/5/2021 14:00,34,,,,,
5/5/2021 15:00,33,,,,,
5/5/2021 16:00,32,,,,,
5/5/2021 17:00,30,,,,,
5/5/2021 18:00,27,,,,,
5/5/2021 19:00,24,,,,,
5/5/2021 20:00,22,,,,,
5/5/2021 21:00,20,,,,,
5/5/2021 22:00,19,,,,,
5/5/2021 23:00,18,,,,,
5/6/2021 0:00,17,,,,,
5/6/2021 1:00,18,,,,,
5/6/2021 2:00,21,,,,,
5/6/2021 3:00,25,,,,,
5/6/2021 4:00,28,,,,,
5/6/2021 5:00,32,,,,,
5/6/2021 6:00,37,,,,,
5/6/2021 7:00,41,,,,,
5/6/2021 8:00,44,,,,,
5/6/2021 9:00,45,,,,,
5/6/2021 10:00,46,,,,,
5/6/2021 11:00,45,,,,,
5/6/2021 12:00,43,,,,,
5/6/2021 13:00,41,,,,,
5/6/2021 14:00,38,,,,,
5/6/2021 15:00,35,,,,,
5/6/2021 16:00,34,,,,,
5/6/2021 17:00,32,,,,,
5/6/2021 18:00,30,,,,,
5/6/2021 19:00,29,,,,,
5/6/2021 20:00,27,,,,,
5/6/2021 21:00,25,,,,,
5/6/2021 22:00,24,,,,,
5/6/2021 23:00,23,,,,,
5/7/2021 0:00,22,,,,,
5/7/2021 1:00,22,,,,,
5/7/2021 2:00,24,,,,,
5/7/2021 3:00,27,,,,,
5/7/2021 4:00,30,,,,,
5/7/2021 5:00,33,,,,,
5/7/2021 6:00,38,,,,,
5/7/2021 7:00,42,,,,,
5/7/2021 8:00,45,,,,,
5/7/2021 9:00,47,,,,,
5/7/2021 10:00,49,,,,,
5/7/2021 11:00,50,,,,,
5/7/2021 12:00,50,,,,,
5/7/2021 13:00,49,,,,,
5/7/2021 14:00,48,,,,,
5/7/2021 15:00,46,,,,,
5/7/2021 16:00,45,,,,,
5/7/2021 17:00,44,,,,,
5/7/2021 18:00,43,,,,,
5/7/2021 19:00,41,,,,,
5/7/2021 20:00,39,,,,,
5/7/2021 21:00,38,,,,,
5/7/2021 22:00,37,,,,,
5/7/2021 23:00,36,,,,,
5/8/2021 0:00,35,,,,,
5/8/2021 1:00,34,,,,,
5/8/2021 2:00,33,,,,,
5/8/2021 3:00,33,,,,,
5/8/2021 4:00,34,,,,,
5/8/2021 5:00,34,,,,,
5/8/2021 6:00,34,,,,,
5/8/2021 7:00,35,,,,,
5/8/2021 8:00,35,,,,,
5/8/2021 9:00,34,,,,,
5/8/2021 10:00,34,,,,,
5/8/2021 11:00,33,,,,,
5/8/2021 12:00,32,,,,,
5/8/2021 13:00,31,,,,,
5/8/2021 14:00,31,,,,,
5/8/2021 15:00,30,,,,,
5/8/2021 16:00,30,,,,,
5/8/2021 17:00,31,,,,,
5/8/2021 18:00,31,,,,,
5/8/2021 19:00,32,,,,,
5/8/2021 20:00,33,,,,,
5/8/2021 21:00,34,,,,,
5/8/2021 22:00,35,,,,,
5/8/2021 23:00,37,,,,,
5/9/2021 0:00,38,,,,,
5/9/2021 1:00,40,,,,,
5/9/2021 2:00,41,,,,,
5/9/2021 3:00,42,,,,,
5/9/2021 4:00,42,,,,,
5/9/2021 5:00,42,,,,,
5/9/2021 6:00,42,,,,,
5/9/2021 7:00,41,,,,,
5/9/2021 8:00,40,,,,,
5/9/2021 9:00,39,,,,,
5/9/2021 10:00,38,,,,,
5/9/2021 11:00,36,,,,,
5/9/2021 12:00,35,,,,,
5/9/2021 13:00,35,,,,,
5/9/2021 14:00,34,,,,,
5/9/2021 15:00,33,,,,,
5/9/2021 16:00,32,,,,,
5/9/2021 17:00,32,,,,,
5/9/2021 18:00,31,,,,,
5/9/2021 19:00,31,,,,,
5/9/2021 20:00,31,,,,,
5/9/2021 21:00,31,,,,,
5/9/2021 22:00,31,,,,,
5/9/2021 23:00,31,,,,,
5/10/2021 0:00,31,,,,,
5/10/2021 1:00,31,,,,,
5/10/2021 2:00,32,,,,,
5/10/2021 3:00,33,,,,,
5/10/2021 4:00,34,,,,,
5/10/2021 5:00,35,,,,,
5/10/2021 6:00,36,,,,,
5/10/2021 7:00,38,,,,,
5/10/2021 8:00,39,,,,,
5/10/2021 9:00,41,,,,,
5/10/2021 10:00,42,,,,,
5/10/2021 11:00,42,,,,,
5/10/2021 12:00,41,,,,,
5/10/2021 13:00,40,,,,,
5/10/2021 14:00,38,,,,,
5/10/2021 15:00,36,,,,,
5/10/2021 16:00,34,,,,,
5/10/2021 17:00,31,,,,,
5/10/2021 18:00,28,,,,,
5/10/2021 19:00,25,,,,,
5/10/2021 20:00,23,,,,,
5/10/2021 21:00,21,,,,,
5/10/2021 22:00,20,,,,,
5/10/2021 23:00,20,,,,,
5/11/2021 0:00,20,,,,,
5/11/2021 1:00,22,,,,,
5/11/2021 2:00,25,,,,,
5/11/2021 3:00,28,,,,,
5/11/2021 4:00,32,,,,,
5/11/2021 5:00,36,,,,,
5/11/2021 6:00,38,,,,,
5/11/2021 7:00,41,,,,,
5/11/2021 8:00,-999,,,,,
5/11/2021 9:00,-999,,,,,
5/11/2021 10:00,-999,,,,,
5/11/2021 11:00,-999,,,,,
5/11/2021 12:00,-999,,,,,
5/11/2021 13:00,-999,,,,,
5/11/2021 14:00,-999,,,,,
5/11/2021 15:00,-999,,,,,
5/11/2021 16:00,-999,,,,,
5/11/2021 17:00,-999,,,,,
5/11/2021 18:00,-999,,,,,
5/11/2021 19:00,-999,,,,,
5/11/2021 20:00,-999,,,,,
5/11/2021 21:00,-999,,,,,
5/11/2021 22:00,-999,,,,,
5/11/2021 23:00,-999,,,,,
5/12/2021 0:00,-999,,,,,
5/12/2021 1:00,-999,,,,,
5/12/2021 2:00,-999,,,,,
5/12/2021 3:00,-999,,,,,
5/12/2021 4:00,-999,,,,,
5/12/2021 5:00,-999,,,,,
5/12/2021 6:00,37,,,,,
5/12/2021 7:00,37,,,,,
5/12/2021 8:00,38,,,,,
5/12/2021 9:00,38,,,,,
5/12/2021 10:00,39,,,,,
5/12/2021 11:00,39,,,,,
5/12/2021 12:00,39,,,,,
5/12/2021 13:00,37,,,,,
5/12/2021 14:00,36,,,,,
5/12/2021 15:00,34,,,,,
5/12/2021 16:00,33,,,,,
5/12/2021 17:00,32,,,,,
5/12/2021 18:00,30,,,,,
5/12/2021 19:00,29,,,,,
5/12/2021 20:00,28,,,,,
5/12/2021 21:00,27,,,,,
5/12/2021 22:00,26,,,,,
5/12/2021 23:00,26,,,,,
5/13/2021 0:00,27,,,,,
5/13/2021 1:00,27,,,,,
5/13/2021 2:00,29,,,,,
5/13/2021 3:00,31,,,,,
5/13/2021 4:00,33,,,,,
5/13/2021 5:00,35,,,,,
5/13/2021 6:00,38,,,,,
5/13/2021 7:00,40,,,,,
5/13/2021 8:00,42,,,,,
5/13/2021 9:00,42,,,,,
5/13/2021 10:00,43,,,,,
5/13/2021 11:00,43,,,,,
5/13/2021 12:00,43,,,,,
5/13/2021 13:00,42,,,,,
5/13/2021 14:00,40,,,,,
5/13/2021 15:00,37,,,,,
5/13/2021 16:00,35,,,,,
5/13/2021 17:00,33,,,,,
5/13/2021 18:00,31,,,,,
5/13/2021 19:00,28,,,,,
5/13/2021 20:00,25,,,,,
5/13/2021 21:00,23,,,,,
5/13/2021 22:00,23,,,,,
5/13/2021 23:00,23,,,,,
5/14/2021 0:00,24,,,,,
5/14/2021 1:00,25,,,,,
5/14/2021 2:00,28,,,,,
5/14/2021 3:00,31,,,,,
5/14/2021 4:00,36,,,,,
5/14/2021 5:00,40,,,,,
5/14/2021 6:00,43,,,,,
5/14/2021 7:00,46,,,,,
5/14/2021 8:00,49,,,,,
5/14/2021 9:00,51,,,,,
5/14/2021 10:00,52,,,,,
5/14/2021 11:00,52,,,,,
5/14/2021 12:00,52,,,,,
5/14/2021 13:00,51,,,,,
5/14/2021 14:00,49,,,,,
5/14/2021 15:00,48,,,,,
5/14/2021 16:00,47,,,,,
5/14/2021 17:00,46,,,,,
5/14/2021 18:00,45,,,,,
5/14/2021 19:00,44,,,,,
5/14/2021 20:00,42,,,,,
5/14/2021 21:00,41,,,,,
5/14/2021 22:00,40,,,,,
5/14/2021 23:00,39,,,,,
5/15/2021 0:00,38,,,,,
5/15/2021 1:00,38,,,,,
5/15/2021 2:00,38,,,,,
5/15/2021 3:00,39,,,,,
5/15/2021 4:00,41,,,,,
5/15/2021 5:00,44,,,,,
5/15/2021 6:00,47,,,,,
5/15/2021 7:00,49,,,,,
5/15/2021 8:00,51,,,,,
5/15/2021 9:00,52,,,,,
5/15/2021 10:00,52,,,,,
5/15/2021 11:00,51,,,,,
5/15/2021 12:00,49,,,,,
5/15/2021 13:00,46,,,,,
5/15/2021 14:00,44,,,,,
5/15/2021 15:00,42,,,,,
5/15/2021 16:00,40,,,,,
5/15/2021 17:00,39,,,,,
5/15/2021 18:00,37,,,,,
5/15/2021 19:00,35,,,,,
5/15/2021 20:00,34,,,,,
5/15/2021 21:00,33,,,,,
5/15/2021 22:00,32,,,,,
5/15/2021 23:00,31,,,,,
5/16/2021 0:00,29,,,,,
5/16/2021 1:00,27,,,,,
5/16/2021 2:00,25,,,,,
5/16/2021 3:00,24,,,,,
5/16/2021 4:00,25,,,,,
5/16/2021 5:00,24,,,,,
5/16/2021 6:00,26,,,,,
5/16/2021 7:00,27,,,,,
5/16/2021 8:00,29,,,,,
5/16/2021 9:00,32,,,,,
5/16/2021 10:00,34,,,,,
5/16/2021 11:00,36,,,,,
5/16/2021 12:00,37,,,,,
5/16/2021 13:00,37,,,,,
5/16/2021 14:00,36,,,,,
5/16/2021 15:00,35,,,,,
5/16/2021 16:00,34,,,,,
5/16/2021 17:00,33,,,,,
5/16/2021 18:00,31,,,,,
5/16/2021 19:00,30,,,,,
5/16/2021 20:00,30,,,,,
5/16/2021 21:00,30,,,,,
5/16/2021 22:00,30,,,,,
5/16/2021 23:00,30,,,,,
5/17/2021 0:00,30,,,,,
5/17/2021 1:00,30,,,,,
5/17/2021 2:00,32,,,,,
5/17/2021 3:00,34,,,,,
5/17/2021 4:00,36,,,,,
5/17/2021 5:00,39,,,,,
5/17/2021 6:00,42,,,,,
5/17/2021 7:00,44,,,,,
5/17/2021 8:00,47,,,,,
5/17/2021 9:00,48,,,,,
5/17/2021 10:00,49,,,,,
5/17/2021 11:00,48,,,,,
5/17/2021 12:00,46,,,,,
5/17/2021 13:00,44,,,,,
5/17/2021 14:00,42,,,,,
5/17/2021 15:00,40,,,,,
5/17/2021 16:00,38,,,,,
5/17/2021 17:00,38,,,,,
5/17/2021 18:00,38,,,,,
5/17/2021 19:00,38,,,,,
5/17/2021 20:00,39,,,,,
5/17/2021 21:00,39,,,,,
5/17/2021 22:00,40,,,,,
5/17/2021 23:00,40,,,,,
5/18/2021 0:00,40,,,,,
5/18/2021 1:00,40,,,,,
5/18/2021 2:00,40,,,,,
5/18/2021 3:00,41,,,,,
5/18/2021 4:00,42,,,,,
5/18/2021 5:00,43,,,,,
5/18/2021 6:00,43,,,,,
5/18/2021 7:00,44,,,,,
5/18/2021 8:00,45,,,,,
5/18/2021 9:00,46,,,,,
5/18/2021 10:00,45,,,,,
5/18/2021 11:00,45,,,,,
5/18/2021 12:00,44,,,,,
5/18/2021 13:00,43,,,,,
5/18/2021 14:00,42,,,,,
5/18/2021 15:00,41,,,,,
5/18/2021 16:00,41,,,,,
5/18/2021 17:00,40,,,,,
5/18/2021 18:00,40,,,,,
5/18/2021 19:00,40,,,,,
5/18/2021 20:00,40,,,,,
5/18/2021 21:00,40,,,,,
5/18/2021 22:00,40,,,,,
5/18/2021 23:00,40,,,,,
5/19/2021 0:00,40,,,,,
5/19/2021 1:00,40,,,,,
5/19/2021 2:00,40,,,,,
5/19/2021 3:00,40,,,,,
5/19/2021 4:00,41,,,,,
5/19/2021 5:00,41,,,,,
5/19/2021 6:00,42,,,,,
5/19/2021 7:00,43,,,,,
5/19/2021 8:00,44,,,,,
5/19/2021 9:00,45,,,,,
5/19/2021 10:00,45,,,,,
5/19/2021 11:00,46,,,,,
5/19/2021 12:00,47,,,,,
5/19/2021 13:00,47,,,,,
5/19/2021 14:00,46,,,,,
5/19/2021 15:00,46,,,,,
5/19/2021 16:00,45,,,,,
5/19/2021 17:00,45,,,,,
5/19/2021 18:00,44,,,,,
5/19/2021 19:00,43,,,,,
5/19/2021 20:00,42,,,,,
5/19/2021 21:00,41,,,,,
5/19/2021 22:00,41,,,,,
5/19/2021 23:00,40,,,,,
5/20/2021 0:00,39,,,,,
5/20/2021 1:00,39,,,,,
5/20/2021 2:00,39,,,,,
5/20/2021 3:00,40,,,,,
5/20/2021 4:00,40,,,,,
5/20/2021 5:00,41,,,,,
5/20/2021 6:00,41,,,,,
5/20/2021 7:00,42,,,,,
5/20/2021 8:00,43,,,,,
5/20/2021 9:00,44,,,,,
5/20/2021 10:00,44,,,,,
5/20/2021 11:00,44,,,,,
5/20/2021 12:00,44,,,,,
5/20/2021 13:00,43,,,,,
5/20/2021 14:00,43,,,,,
5/20/2021 15:00,42,,,,,
5/20/2021 16:00,41,,,,,
5/20/2021 17:00,40,,,,,
5/20/2021 18:00,39,,,,,
5/20/2021 19:00,39,,,,,
5/20/2021 20:00,38,,,,,
5/20/2021 21:00,38,,,,,
5/20/2021 22:00,39,,,,,
5/20/2021 23:00,39,,,,,
5/21/2021 0:00,39,,,,,
5/21/2021 1:00,40,,,,,
5/21/2021 2:00,42,,,,,
5/21/2021 3:00,43,,,,,
5/21/2021 4:00,44,,,,,
5/21/2021 5:00,45,,,,,
5/21/2021 6:00,47,,,,,
5/21/2021 7:00,49,,,,,
5/21/2021 8:00,50,,,,,
5/21/2021 9:00,51,,,,,
5/21/2021 10:00,52,,,,,
5/21/2021 11:00,51,,,,,
5/21/2021 12:00,49,,,,,
5/21/2021 13:00,48,,,,,
5/21/2021 14:00,48,,,,,
5/21/2021 15:00,47,,,,,
5/21/2021 16:00,46,,,,,
5/21/2021 17:00,45,,,,,
5/21/2021 18:00,43,,,,,
5/21/2021 19:00,42,,,,,
5/21/2021 20:00,41,,,,,
5/21/2021 21:00,38,,,,,
5/21/2021 22:00,34,,,,,
5/21/2021 23:00,31,,,,,
5/22/2021 0:00,29,,,,,
5/22/2021 1:00,30,,,,,
5/22/2021 2:00,33,,,,,
5/22/2021 3:00,37,,,,,
5/22/2021 4:00,41,,,,,
5/22/2021 5:00,46,,,,,
5/22/2021 6:00,52,,,,,
5/22/2021 7:00,56,,,,,
5/22/2021 8:00,61,,,,,
5/22/2021 9:00,62,,,,,
5/22/2021 10:00,62,,,,,
5/22/2021 11:00,61,,,,,
5/22/2021 12:00,58,,,,,
5/22/2021 13:00,55,,,,,
5/22/2021 14:00,52,,,,,
5/22/2021 15:00,49,,,,,
5/22/2021 16:00,46,,,,,
5/22/2021 17:00,43,,,,,
5/22/2021 18:00,39,,,,,
5/22/2021 19:00,34,,,,,
5/22/2021 20:00,32,,,,,
5/22/2021 21:00,30,,,,,
5/22/2021 22:00,29,,,,,
5/22/2021 23:00,26,,,,,
5/23/2021 0:00,26,,,,,
5/23/2021 1:00,28,,,,,
5/23/2021 2:00,30,,,,,
5/23/2021 3:00,36,,,,,
5/23/2021 4:00,40,,,,,
5/23/2021 5:00,44,,,,,
5/23/2021 6:00,48,,,,,
5/23/2021 7:00,53,,,,,
5/23/2021 8:00,55,,,,,
5/23/2021 9:00,56,,,,,
5/23/2021 10:00,57,,,,,
5/23/2021 11:00,56,,,,,
5/23/2021 12:00,55,,,,,
5/23/2021 13:00,54,,,,,
5/23/2021 14:00,52,,,,,
5/23/2021 15:00,50,,,,,
5/23/2021 16:00,49,,,,,
5/23/2021 17:00,47,,,,,
5/23/2021 18:00,45,,,,,
5/23/2021 19:00,43,,,,,
5/23/2021 20:00,41,,,,,
5/23/2021 21:00,39,,,,,
5/23/2021 22:00,38,,,,,
5/23/2021 23:00,36,,,,,
5/24/2021 0:00,34,,,,,
5/24/2021 1:00,35,,,,,
5/24/2021 2:00,37,,,,,
5/24/2021 3:00,40,,,,,
5/24/2021 4:00,42,,,,,
5/24/2021 5:00,45,,,,,
5/24/2021 6:00,48,,,,,
5/24/2021 7:00,51,,,,,
5/24/2021 8:00,54,,,,,
5/24/2021 9:00,55,,,,,
5/24/2021 10:00,54,,,,,
5/24/2021 11:00,52,,,,,
5/24/2021 12:00,51,,,,,
5/24/2021 13:00,50,,,,,
5/24/2021 14:00,48,,,,,
5/24/2021 15:00,47,,,,,
5/24/2021 16:00,46,,,,,
5/24/2021 17:00,45,,,,,
5/24/2021 18:00,45,,,,,
5/24/2021 19:00,45,,,,,
5/24/2021 20:00,44,,,,,
5/24/2021 21:00,43,,,,,
5/24/2021 22:00,43,,,,,
5/24/2021 23:00,41,,,,,
5/25/2021 0:00,40,,,,,
5/25/2021 1:00,39,,,,,
5/25/2021 2:00,40,,,,,
5/25/2021 3:00,41,,,,,
5/25/2021 4:00,43,,,,,
5/25/2021 5:00,45,,,,,
5/25/2021 6:00,48,,,,,
5/25/2021 7:00,51,,,,,
5/25/2021 8:00,54,,,,,
5/25/2021 9:00,58,,,,,
5/25/2021 10:00,60,,,,,
5/25/2021 11:00,60,,,,,
5/25/2021 12:00,61,,,,,
5/25/2021 13:00,60,,,,,
5/25/2021 14:00,58,,,,,
5/25/2021 15:00,55,,,,,
5/25/2021 16:00,52,,,,,
5/25/2021 17:00,48,,,,,
5/25/2021 18:00,44,,,,,
5/25/2021 19:00,40,,,,,
5/25/2021 20:00,37,,,,,
5/25/2021 21:00,34,,,,,
5/25/2021 22:00,32,,,,,
5/25/2021 23:00,31,,,,,
5/26/2021 0:00,31,,,,,
5/26/2021 1:00,31,,,,,
5/26/2021 2:00,31,,,,,
5/26/2021 3:00,31,,,,,
5/26/2021 4:00,31,,,,,
5/26/2021 5:00,32,,,,,
5/26/2021 6:00,32,,,,,
5/26/2021 7:00,33,,,,,
5/26/2021 8:00,33,,,,,
5/26/2021 9:00,34,,,,,
5/26/2021 10:00,33,,,,,
5/26/2021 11:00,33,,,,,
5/26/2021 12:00,31,,,,,
5/26/2021 13:00,29,,,,,
5/26/2021 14:00,28,,,,,
5/26/2021 15:00,25,,,,,
5/26/2021 16:00,21,,,,,
5/26/2021 17:00,18,,,,,
5/26/2021 18:00,15,,,,,
5/26/2021 19:00,12,,,,,
5/26/2021 20:00,11,,,,,
5/26/2021 21:00,10,,,,,
5/26/2021 22:00,9,,,,,
5/26/2021 23:00,9,,,,,
5/27/2021 0:00,10,,,,,
5/27/2021 1:00,13,,,,,
5/27/2021 2:00,17,,,,,
5/27/2021 3:00,22,,,,,
5/27/2021 4:00,26,,,,,
5/27/2021 5:00,31,,,,,
5/27/2021 6:00,35,,,,,
5/27/2021 7:00,40,,,,,
5/27/2021 8:00,44,,,,,
5/27/2021 9:00,45,,,,,
5/27/2021 10:00,45,,,,,
5/27/2021 11:00,45,,,,,
5/27/2021 12:00,44,,,,,
5/27/2021 13:00,42,,,,,
5/27/2021 14:00,40,,,,,
5/27/2021 15:00,37,,,,,
5/27/2021 16:00,35,,,,,
5/27/2021 17:00,32,,,,,
5/27/2021 18:00,30,,,,,
5/27/2021 19:00,27,,,,,
5/27/2021 20:00,24,,,,,
5/27/2021 21:00,23,,,,,
5/27/2021 22:00,22,,,,,
5/27/2021 23:00,21,,,,,
5/28/2021 0:00,21,,,,,
5/28/2021 1:00,21,,,,,
5/28/2021 2:00,22,,,,,
5/28/2021 3:00,23,,,,,
5/28/2021 4:00,25,,,,,
5/28/2021 5:00,28,,,,,
5/28/2021 6:00,31,,,,,
5/28/2021 7:00,33,,,,,
5/28/2021 8:00,35,,,,,
5/28/2021 9:00,36,,,,,
5/28/2021 10:00,37,,,,,
5/28/2021 11:00,36,,,,,
5/28/2021 12:00,34,,,,,
5/28/2021 13:00,31,,,,,
5/28/2021 14:00,27,,,,,
5/28/2021 15:00,24,,,,,
5/28/2021 16:00,21,,,,,
5/28/2021 17:00,18,,,,,
5/28/2021 18:00,16,,,,,
5/28/2021 19:00,15,,,,,
5/28/2021 20:00,14,,,,,
5/28/2021 21:00,14,,,,,
5/28/2021 22:00,14,,,,,
5/28/2021 23:00,15,,,,,
5/29/2021 0:00,15,,,,,
5/29/2021 1:00,16,,,,,
5/29/2021 2:00,16,,,,,
5/29/2021 3:00,17,,,,,
5/29/2021 4:00,18,,,,,
5/29/2021 5:00,19,,,,,
5/29/2021 6:00,19,,,,,
5/29/2021 7:00,20,,,,,
5/29/2021 8:00,20,,,,,
5/29/2021 9:00,20,,,,,
5/29/2021 10:00,21,,,,,
5/29/2021 11:00,20,,,,,
5/29/2021 12:00,19,,,,,
5/29/2021 13:00,18,,,,,
5/29/2021 14:00,17,,,,,
5/29/2021 15:00,15,,,,,
5/29/2021 16:00,14,,,,,
5/29/2021 17:00,13,,,,,
5/29/2021 18:00,11,,,,,
5/29/2021 19:00,10,,,,,
5/29/2021 20:00,10,,,,,
5/29/2021 21:00,9,,,,,
5/29/2021 22:00,9,,,,,
5/29/2021 23:00,10,,,,,
5/30/2021 0:00,11,,,,,
5/30/2021 1:00,14,,,,,
5/30/2021 2:00,17,,,,,
5/30/2021 3:00,21,,,,,
5/30/2021 4:00,25,,,,,
5/30/2021 5:00,30,,,,,
5/30/2021 6:00,34,,,,,
5/30/2021 7:00,38,,,,,
5/30/2021 8:00,42,,,,,
5/30/2021 9:00,43,,,,,
5/30/2021 10:00,44,,,,,
5/30/2021 11:00,45,,,,,
5/30/2021 12:00,44,,,,,
5/30/2021 13:00,43,,,,,
5/30/2021 14:00,41,,,,,
5/30/2021 15:00,39,,,,,
5/30/2021 16:00,36,,,,,
5/30/2021 17:00,34,,,,,
5/30/2021 18:00,31,,,,,
5/30/2021 19:00,28,,,,,
5/30/2021 20:00,26,,,,,
5/30/2021 21:00,23,,,,,
5/30/2021 22:00,21,,,,,
5/30/2021 23:00,19,,,,,
5/31/2021 0:00,18,,,,,
5/31/2021 1:00,18,,,,,
5/31/2021 2:00,19,,,,,
5/31/2021 3:00,20,,,,,
5/31/2021 4:00,22,,,,,
5/31/2021 5:00,26,,,,,
5/31/2021 6:00,29,,,,,
5/31/2021 7:00,33,,,,,
5/31/2021 8:00,36,,,,,
5/31/2021 9:00,38,,,,,
5/31/2021 10:00,39,,,,,
5/31/2021 11:00,40,,,,,
5/31/2021 12:00,39,,,,,
5/31/2021 13:00,37,,,,,
5/31/2021 14:00,35,,,,,
5/31/2021 15:00,32,,,,,
5/31/2021 16:00,29,,,,,
5/31/2021 17:00,28,,,,,
5/31/2021 18:00,26,,,,,
5/31/2021 19:00,-999,,,,,
5/31/2021 20:00,-999,,,,,
5/31/2021 21:00,-999,,,,,
5/31/2021 22:00,-999,,,,,
5/31/2021 23:00,-999,,,,,
6/1/2021 0:00,28,,,,,
6/1/2021 1:00,27,,,,,
6/1/2021 2:00,28,,,,,
6/1/2021 3:00,28,,,,,
6/1/2021 4:00,29,,,,,
6/1/2021 5:00,30,,,,,
6/1/2021 6:00,31,,,,,
6/1/2021 7:00,32,,,,,
6/1/2021 8:00,34,,,,,
6/1/2021 9:00,35,,,,,
6/1/2021 10:00,35,,,,,
6/1/2021 11:00,34,,,,,
6/1/2021 12:00,33,,,,,
6/1/2021 13:00,32,,,,,
6/1/2021 14:00,30,,,,,
6/1/2021 15:00,29,,,,,
6/1/2021 16:00,27,,,,,
6/1/2021 17:00,24,,,,,
6/1/2021 18:00,21,,,,,
6/1/2021 19:00,20,,,,,
6/1/2021 20:00,20,,,,,
6/1/2021 21:00,21,,,,,
6/1/2021 22:00,22,,,,,
6/1/2021 23:00,23,,,,,
6/2/2021 0:00,24,,,,,
6/2/2021 1:00,26,,,,,
6/2/2021 2:00,29,,,,,
6/2/2021 3:00,31,,,,,
6/2/2021 4:00,32,,,,,
6/2/2021 5:00,32,,,,,
6/2/2021 6:00,32,,,,,
6/2/2021 7:00,32,,,,,
6/2/2021 8:00,32,,,,,
6/2/2021 9:00,32,,,,,
6/2/2021 10:00,32,,,,,
6/2/2021 11:00,31,,,,,
6/2/2021 12:00,30,,,,,
6/2/2021 13:00,29,,,,,
6/2/2021 14:00,28,,,,,
6/2/2021 15:00,28,,,,,
6/2/2021 16:00,28,,,,,
6/2/2021 17:00,27,,,,,
6/2/2021 18:00,26,,,,,
6/2/2021 19:00,25,,,,,
6/2/2021 20:00,25,,,,,
6/2/2021 21:00,25,,,,,
6/2/2021 22:00,25,,,,,
6/2/2021 23:00,24,,,,,
6/3/2021 0:00,23,,,,,
6/3/2021 1:00,23,,,,,
6/3/2021 2:00,23,,,,,
6/3/2021 3:00,24,,,,,
6/3/2021 4:00,24,,,,,
6/3/2021 5:00,26,,,,,
6/3/2021 6:00,28,,,,,
6/3/2021 7:00,31,,,,,
6/3/2021 8:00,34,,,,,
6/3/2021 9:00,36,,,,,
6/3/2021 10:00,38,,,,,
6/3/2021 11:00,40,,,,,
6/3/2021 12:00,42,,,,,
6/3/2021 13:00,42,,,,,
6/3/2021 14:00,41,,,,,
6/3/2021 15:00,40,,,,,
6/3/2021 16:00,37,,,,,
6/3/2021 17:00,35,,,,,
6/3/2021 18:00,32,,,,,
6/3/2021 19:00,28,,,,,
6/3/2021 20:00,24,,,,,
6/3/2021 21:00,21,,,,,
6/3/2021 22:00,18,,,,,
6/3/2021 23:00,17,,,,,
6/4/2021 0:00,18,,,,,
6/4/2021 1:00,20,,,,,
6/4/2021 2:00,25,,,,,
6/4/2021 3:00,31,,,,,
6/4/2021 4:00,37,,,,,
6/4/2021 5:00,44,,,,,
6/4/2021 6:00,49,,,,,
6/4/2021 7:00,54,,,,,
6/4/2021 8:00,58,,,,,
6/4/2021 9:00,59,,,,,
6/4/2021 10:00,61,,,,,
6/4/2021 11:00,60,,,,,
6/4/2021 12:00,59,,,,,
6/4/2021 13:00,58,,,,,
6/4/2021 14:00,57,,,,,
6/4/2021 15:00,55,,,,,
6/4/2021 16:00,54,,,,,
6/4/2021 17:00,52,,,,,
6/4/2021 18:00,48,,,,,
6/4/2021 19:00,45,,,,,
6/4/2021 20:00,40,,,,,
6/4/2021 21:00,36,,,,,
6/4/2021 22:00,31,,,,,
6/4/2021 23:00,27,,,,,
6/5/2021 0:00,26,,,,,
6/5/2021 1:00,25,,,,,
6/5/2021 2:00,26,,,,,
6/5/2021 3:00,28,,,,,
6/5/2021 4:00,32,,,,,
6/5/2021 5:00,36,,,,,
6/5/2021 6:00,40,,,,,
6/5/2021 7:00,44,,,,,
6/5/2021 8:00,46,,,,,
6/5/2021 9:00,48,,,,,
6/5/2021 10:00,49,,,,,
6/5/2021 11:00,49,,,,,
6/5/2021 12:00,48,,,,,
6/5/2021 13:00,46,,,,,
6/5/2021 14:00,44,,,,,
6/5/2021 15:00,44,,,,,
6/5/2021 16:00,42,,,,,
6/5/2021 17:00,40,,,,,
6/5/2021 18:00,37,,,,,
6/5/2021 19:00,34,,,,,
6/5/2021 20:00,31,,,,,
6/5/2021 21:00,30,,,,,
6/5/2021 22:00,27,,,,,
6/5/2021 23:00,23,,,,,
6/6/2021 0:00,21,,,,,
6/6/2021 1:00,18,,,,,
6/6/2021 2:00,18,,,,,
6/6/2021 3:00,19,,,,,
6/6/2021 4:00,20,,,,,
6/6/2021 5:00,21,,,,,
6/6/2021 6:00,22,,,,,
6/6/2021 7:00,24,,,,,
6/6/2021 8:00,25,,,,,
6/6/2021 9:00,26,,,,,
6/6/2021 10:00,26,,,,,
6/6/2021 11:00,25,,,,,
6/6/2021 12:00,24,,,,,
6/6/2021 13:00,23,,,,,
6/6/2021 14:00,22,,,,,
6/6/2021 15:00,22,,,,,
6/6/2021 16:00,21,,,,,
6/6/2021 17:00,20,,,,,
6/6/2021 18:00,19,,,,,
6/6/2021 19:00,18,,,,,
6/6/2021 20:00,17,,,,,
6/6/2021 21:00,17,,,,,
6/6/2021 22:00,16,,,,,
6/6/2021 23:00,15,,,,,
6/7/2021 0:00,15,,,,,
6/7/2021 1:00,14,,,,,
6/7/2021 2:00,14,,,,,
6/7/2021 3:00,15,,,,,
6/7/2021 4:00,17,,,,,
6/7/2021 5:00,19,,,,,
6/7/2021 6:00,21,,,,,
6/7/2021 7:00,23,,,,,
6/7/2021 8:00,26,,,,,
6/7/2021 9:00,28,,,,,
6/7/2021 10:00,30,,,,,
6/7/2021 11:00,31,,,,,
6/7/2021 12:00,32,,,,,
6/7/2021 13:00,32,,,,,
6/7/2021 14:00,31,,,,,
6/7/2021 15:00,30,,,,,
6/7/2021 16:00,28,,,,,
6/7/2021 17:00,27,,,,,
6/7/2021 18:00,24,,,,,
6/7/2021 19:00,22,,,,,
6/7/2021 20:00,20,,,,,
6/7/2021 21:00,18,,,,,
6/7/2021 22:00,17,,,,,
6/7/2021 23:00,16,,,,,
6/8/2021 0:00,16,,,,,
6/8/2021 1:00,16,,,,,
6/8/2021 2:00,18,,,,,
6/8/2021 3:00,20,,,,,
6/8/2021 4:00,21,,,,,
6/8/2021 5:00,22,,,,,
6/8/2021 6:00,26,,,,,
6/8/2021 7:00,30,,,,,
6/8/2021 8:00,33,,,,,
6/8/2021 9:00,35,,,,,
6/8/2021 10:00,35,,,,,
6/8/2021 11:00,36,,,,,
6/8/2021 12:00,35,,,,,
6/8/2021 13:00,34,,,,,
6/8/2021 14:00,34,,,,,
6/8/2021 15:00,32,,,,,
6/8/2021 16:00,29,,,,,
6/8/2021 17:00,26,,,,,
6/8/2021 18:00,24,,,,,
6/8/2021 19:00,23,,,,,
6/8/2021 20:00,21,,,,,
6/8/2021 21:00,20,,,,,
6/8/2021 22:00,19,,,,,
6/8/2021 23:00,18,,,,,
6/9/2021 0:00,17,,,,,
6/9/2021 1:00,17,,,,,
6/9/2021 2:00,18,,,,,
6/9/2021 3:00,18,,,,,
6/9/2021 4:00,20,,,,,
6/9/2021 5:00,21,,,,,
6/9/2021 6:00,24,,,,,
6/9/2021 7:00,27,,,,,
6/9/2021 8:00,30,,,,,
6/9/2021 9:00,32,,,,,
6/9/2021 10:00,34,,,,,
6/9/2021 11:00,34,,,,,
6/9/2021 12:00,33,,,,,
6/9/2021 13:00,32,,,,,
6/9/2021 14:00,30,,,,,
6/9/2021 15:00,27,,,,,
6/9/2021 16:00,25,,,,,
6/9/2021 17:00,23,,,,,
6/9/2021 18:00,21,,,,,
6/9/2021 19:00,20,,,,,
6/9/2021 20:00,18,,,,,
6/9/2021 21:00,17,,,,,
6/9/2021 22:00,15,,,,,
6/9/2021 23:00,15,,,,,
6/10/2021 0:00,14,,,,,
6/10/2021 1:00,15,,,,,
6/10/2021 2:00,16,,,,,
6/10/2021 3:00,17,,,,,
6/10/2021 4:00,19,,,,,
6/10/2021 5:00,22,,,,,
6/10/2021 6:00,25,,,,,
6/10/2021 7:00,28,,,,,
6/10/2021 8:00,31,,,,,
6/10/2021 9:00,35,,,,,
6/10/2021 10:00,36,,,,,
6/10/2021 11:00,37,,,,,
6/10/2021 12:00,36,,,,,
6/10/2021 13:00,35,,,,,
6/10/2021 14:00,32,,,,,
6/10/2021 15:00,29,,,,,
6/10/2021 16:00,26,,,,,
6/10/2021 17:00,23,,,,,
6/10/2021 18:00,20,,,,,
6/10/2021 19:00,17,,,,,
6/10/2021 20:00,16,,,,,
6/10/2021 21:00,15,,,,,
6/10/2021 22:00,15,,,,,
6/10/2021 23:00,15,,,,,
6/11/2021 0:00,15,,,,,
6/11/2021 1:00,17,,,,,
6/11/2021 2:00,19,,,,,
6/11/2021 3:00,22,,,,,
6/11/2021 4:00,25,,,,,
6/11/2021 5:00,28,,,,,
6/11/2021 6:00,31,,,,,
6/11/2021 7:00,34,,,,,
6/11/2021 8:00,36,,,,,
6/11/2021 9:00,38,,,,,
6/11/2021 10:00,40,,,,,
6/11/2021 11:00,41,,,,,
6/11/2021 12:00,41,,,,,
6/11/2021 13:00,41,,,,,
6/11/2021 14:00,39,,,,,
6/11/2021 15:00,37,,,,,
6/11/2021 16:00,35,,,,,
6/11/2021 17:00,32,,,,,
6/11/2021 18:00,29,,,,,
6/11/2021 19:00,26,,,,,
6/11/2021 20:00,23,,,,,
6/11/2021 21:00,20,,,,,
6/11/2021 22:00,18,,,,,
6/11/2021 23:00,17,,,,,
6/12/2021 0:00,17,,,,,
6/12/2021 1:00,19,,,,,
6/12/2021 2:00,21,,,,,
6/12/2021 3:00,25,,,,,
6/12/2021 4:00,30,,,,,
6/12/2021 5:00,35,,,,,
6/12/2021 6:00,41,,,,,
6/12/2021 7:00,45,,,,,
6/12/2021 8:00,48,,,,,
6/12/2021 9:00,51,,,,,
6/12/2021 10:00,51,,,,,
6/12/2021 11:00,51,,,,,
6/12/2021 12:00,48,,,,,
6/12/2021 13:00,46,,,,,
6/12/2021 14:00,44,,,,,
6/12/2021 15:00,42,,,,,
6/12/2021 16:00,40,,,,,
6/12/2021 17:00,37,,,,,
6/12/2021 18:00,34,,,,,
6/12/2021 19:00,31,,,,,
6/12/2021 20:00,28,,,,,
6/12/2021 21:00,26,,,,,
6/12/2021 22:00,22,,,,,
6/12/2021 23:00,20,,,,,
6/13/2021 0:00,20,,,,,
6/13/2021 1:00,21,,,,,
6/13/2021 2:00,24,,,,,
6/13/2021 3:00,29,,,,,
6/13/2021 4:00,34,,,,,
6/13/2021 5:00,39,,,,,
6/13/2021 6:00,44,,,,,
6/13/2021 7:00,48,,,,,
6/13/2021 8:00,51,,,,,
6/13/2021 9:00,51,,,,,
6/13/2021 10:00,49,,,,,
6/13/2021 11:00,45,,,,,
6/13/2021 12:00,42,,,,,
6/13/2021 13:00,39,,,,,
6/13/2021 14:00,37,,,,,
6/13/2021 15:00,34,,,,,
6/13/2021 16:00,31,,,,,
6/13/2021 17:00,30,,,,,
6/13/2021 18:00,31,,,,,
6/13/2021 19:00,32,,,,,
6/13/2021 20:00,32,,,,,
6/13/2021 21:00,31,,,,,
6/13/2021 22:00,30,,,,,
6/13/2021 23:00,30,,,,,
6/14/2021 0:00,31,,,,,
6/14/2021 1:00,32,,,,,
6/14/2021 2:00,34,,,,,
6/14/2021 3:00,34,,,,,
6/14/2021 4:00,38,,,,,
6/14/2021 5:00,42,,,,,
6/14/2021 6:00,46,,,,,
6/14/2021 7:00,50,,,,,
6/14/2021 8:00,54,,,,,
6/14/2021 9:00,59,,,,,
6/14/2021 10:00,61,,,,,
6/14/2021 11:00,60,,,,,
6/14/2021 12:00,60,,,,,
6/14/2021 13:00,60,,,,,
6/14/2021 14:00,59,,,,,
6/14/2021 15:00,59,,,,,
6/14/2021 16:00,58,,,,,
6/14/2021 17:00,55,,,,,
6/14/2021 18:00,52,,,,,
6/14/2021 19:00,50,,,,,
6/14/2021 20:00,47,,,,,
6/14/2021 21:00,45,,,,,
6/14/2021 22:00,42,,,,,
6/14/2021 23:00,38,,,,,
6/15/2021 0:00,36,,,,,
6/15/2021 1:00,35,,,,,
6/15/2021 2:00,35,,,,,
6/15/2021 3:00,35,,,,,
6/15/2021 4:00,36,,,,,
6/15/2021 5:00,37,,,,,
6/15/2021 6:00,39,,,,,
6/15/2021 7:00,41,,,,,
6/15/2021 8:00,42,,,,,
6/15/2021 9:00,42,,,,,
6/15/2021 10:00,42,,,,,
6/15/2021 11:00,41,,,,,
6/15/2021 12:00,41,,,,,
6/15/2021 13:00,40,,,,,
6/15/2021 14:00,37,,,,,
6/15/2021 15:00,35,,,,,
6/15/2021 16:00,33,,,,,
6/15/2021 17:00,30,,,,,
6/15/2021 18:00,27,,,,,
6/15/2021 19:00,23,,,,,
6/15/2021 20:00,20,,,,,
6/15/2021 21:00,16,,,,,
6/15/2021 22:00,14,,,,,
6/15/2021 23:00,13,,,,,
6/16/2021 0:00,12,,,,,
6/16/2021 1:00,14,,,,,
6/16/2021 2:00,16,,,,,
6/16/2021 3:00,20,,,,,
6/16/2021 4:00,22,,,,,
6/16/2021 5:00,24,,,,,
6/16/2021 6:00,-999,,,,,
6/16/2021 7:00,-999,,,,,
6/16/2021 8:00,-999,,,,,
6/16/2021 9:00,-999,,,,,
6/16/2021 10:00,-999,,,,,
6/16/2021 11:00,-999,,,,,
6/16/2021 12:00,47,,,,,
6/16/2021 13:00,45,,,,,
6/16/2021 14:00,43,,,,,
6/16/2021 15:00,40,,,,,
6/16/2021 16:00,37,,,,,
6/16/2021 17:00,34,,,,,
6/16/2021 18:00,31,,,,,
6/16/2021 19:00,28,,,,,
6/16/2021 20:00,25,,,,,
6/16/2021 21:00,22,,,,,
6/16/2021 22:00,21,,,,,
6/16/2021 23:00,20,,,,,
6/17/2021 0:00,22,,,,,
6/17/2021 1:00,24,,,,,
6/17/2021 2:00,28,,,,,
6/17/2021 3:00,34,,,,,
6/17/2021 4:00,39,,,,,
6/17/2021 5:00,45,,,,,
6/17/2021 6:00,50,,,,,
6/17/2021 7:00,56,,,,,
6/17/2021 8:00,59,,,,,
6/17/2021 9:00,61,,,,,
6/17/2021 10:00,61,,,,,
6/17/2021 11:00,60,,,,,
6/17/2021 12:00,59,,,,,
6/17/2021 13:00,58,,,,,
6/17/2021 14:00,56,,,,,
6/17/2021 15:00,53,,,,,
6/17/2021 16:00,51,,,,,
6/17/2021 17:00,49,,,,,
6/17/2021 18:00,47,,,,,
6/17/2021 19:00,45,,,,,
6/17/2021 20:00,43,,,,,
6/17/2021 21:00,41,,,,,
6/17/2021 22:00,38,,,,,
6/17/2021 23:00,37,,,,,
6/18/2021 0:00,36,,,,,
6/18/2021 1:00,37,,,,,
6/18/2021 2:00,39,,,,,
6/18/2021 3:00,41,,,,,
6/18/2021 4:00,44,,,,,
6/18/2021 5:00,47,,,,,
6/18/2021 6:00,51,,,,,
6/18/2021 7:00,54,,,,,
6/18/2021 8:00,56,,,,,
6/18/2021 9:00,59,,,,,
6/18/2021 10:00,60,,,,,
6/18/2021 11:00,60,,,,,
6/18/2021 12:00,60,,,,,
6/18/2021 13:00,58,,,,,
6/18/2021 14:00,57,,,,,
6/18/2021 15:00,55,,,,,
6/18/2021 16:00,54,,,,,
6/18/2021 17:00,51,,,,,
6/18/2021 18:00,48,,,,,
6/18/2021 19:00,46,,,,,
6/18/2021 20:00,44,,,,,
6/18/2021 21:00,43,,,,,
6/18/2021 22:00,41,,,,,
6/18/2021 23:00,40,,,,,
6/19/2021 0:00,38,,,,,
6/19/2021 1:00,37,,,,,
6/19/2021 2:00,35,,,,,
6/19/2021 3:00,33,,,,,
6/19/2021 4:00,32,,,,,
6/19/2021 5:00,31,,,,,
6/19/2021 6:00,31,,,,,
6/19/2021 7:00,31,,,,,
6/19/2021 8:00,31,,,,,
6/19/2021 9:00,30,,,,,
6/19/2021 10:00,30,,,,,
6/19/2021 11:00,30,,,,,
6/19/2021 12:00,29,,,,,
6/19/2021 13:00,27,,,,,
6/19/2021 14:00,26,,,,,
6/19/2021 15:00,24,,,,,
6/19/2021 16:00,22,,,,,
6/19/2021 17:00,20,,,,,
6/19/2021 18:00,18,,,,,
6/19/2021 19:00,17,,,,,
6/19/2021 20:00,15,,,,,
6/19/2021 21:00,14,,,,,
6/19/2021 22:00,13,,,,,
6/19/2021 23:00,12,,,,,
6/20/2021 0:00,13,,,,,
6/20/2021 1:00,15,,,,,
6/20/2021 2:00,18,,,,,
6/20/2021 3:00,20,,,,,
6/20/2021 4:00,23,,,,,
6/20/2021 5:00,27,,,,,
6/20/2021 6:00,31,,,,,
6/20/2021 7:00,35,,,,,
6/20/2021 8:00,38,,,,,
6/20/2021 9:00,40,,,,,
6/20/2021 10:00,41,,,,,
6/20/2021 11:00,41,,,,,
6/20/2021 12:00,40,,,,,
6/20/2021 13:00,39,,,,,
6/20/2021 14:00,37,,,,,
6/20/2021 15:00,35,,,,,
6/20/2021 16:00,33,,,,,
6/20/2021 17:00,31,,,,,
6/20/2021 18:00,29,,,,,
6/20/2021 19:00,27,,,,,
6/20/2021 20:00,26,,,,,
6/20/2021 21:00,25,,,,,
6/20/2021 22:00,24,,,,,
6/20/2021 23:00,24,,,,,
6/21/2021 0:00,23,,,,,
6/21/2021 1:00,24,,,,,
6/21/2021 2:00,24,,,,,
6/21/2021 3:00,25,,,,,
6/21/2021 4:00,26,,,,,
6/21/2021 5:00,27,,,,,
6/21/2021 6:00,29,,,,,
6/21/2021 7:00,30,,,,,
6/21/2021 8:00,31,,,,,
6/21/2021 9:00,32,,,,,
6/21/2021 10:00,32,,,,,
6/21/2021 11:00,31,,,,,
6/21/2021 12:00,30,,,,,
6/21/2021 13:00,30,,,,,
6/21/2021 14:00,29,,,,,
6/21/2021 15:00,27,,,,,
6/21/2021 16:00,26,,,,,
6/21/2021 17:00,25,,,,,
6/21/2021 18:00,25,,,,,
6/21/2021 19:00,24,,,,,
6/21/2021 20:00,23,,,,,
6/21/2021 21:00,22,,,,,
6/21/2021 22:00,21,,,,,
6/21/2021 23:00,20,,,,,
6/22/2021 0:00,19,,,,,
6/22/2021 1:00,19,,,,,
6/22/2021 2:00,20,,,,,
6/22/2021 3:00,22,,,,,
6/22/2021 4:00,25,,,,,
6/22/2021 5:00,28,,,,,
6/22/2021 6:00,30,,,,,
6/22/2021 7:00,33,,,,,
6/22/2021 8:00,36,,,,,
6/22/2021 9:00,38,,,,,
6/22/2021 10:00,39,,,,,
6/22/2021 11:00,39,,,,,
6/22/2021 12:00,37,,,,,
6/22/2021 13:00,34,,,,,
6/22/2021 14:00,34,,,,,
6/22/2021 15:00,31,,,,,
6/22/2021 16:00,27,,,,,
6/22/2021 17:00,24,,,,,
6/22/2021 18:00,22,,,,,
6/22/2021 19:00,20,,,,,
6/22/2021 20:00,20,,,,,
6/22/2021 21:00,21,,,,,
6/22/2021 22:00,21,,,,,
6/22/2021 23:00,22,,,,,
6/23/2021 0:00,23,,,,,
6/23/2021 1:00,24,,,,,
6/23/2021 2:00,24,,,,,
6/23/2021 3:00,-999,,,,,
6/23/2021 4:00,-999,,,,,
6/23/2021 5:00,-999,,,,,
6/23/2021 6:00,-999,,,,,
6/23/2021 7:00,-999,,,,,
6/23/2021 8:00,-999,,,,,
6/23/2021 9:00,-999,,,,,
6/23/2021 10:00,-999,,,,,
6/23/2021 11:00,-999,,,,,
6/23/2021 12:00,-999,,,,,
6/23/2021 13:00,-999,,,,,
6/23/2021 14:00,-999,,,,,
6/23/2021 15:00,43,,,,,
6/23/2021 16:00,42,,,,,
6/23/2021 17:00,41,,,,,
6/23/2021 18:00,39,,,,,
6/23/2021 19:00,37,,,,,
6/23/2021 20:00,36,,,,,
6/23/2021 21:00,34,,,,,
6/23/2021 22:00,33,,,,,
6/23/2021 23:00,31,,,,,
6/24/2021 0:00,31,,,,,
6/24/2021 1:00,30,,,,,
6/24/2021 2:00,29,,,,,
6/24/2021 3:00,31,,,,,
6/24/2021 4:00,33,,,,,
6/24/2021 5:00,36,,,,,
6/24/2021 6:00,40,,,,,
6/24/2021 7:00,45,,,,,
6/24/2021 8:00,48,,,,,
6/24/2021 9:00,48,,,,,
6/24/2021 10:00,47,,,,,
6/24/2021 11:00,47,,,,,
6/24/2021 12:00,47,,,,,
6/24/2021 13:00,45,,,,,
6/24/2021 14:00,45,,,,,
6/24/2021 15:00,43,,,,,
6/24/2021 16:00,41,,,,,
6/24/2021 17:00,39,,,,,
6/24/2021 18:00,39,,,,,
6/24/2021 19:00,39,,,,,
6/24/2021 20:00,39,,,,,
6/24/2021 21:00,39,,,,,
6/24/2021 22:00,38,,,,,
6/24/2021 23:00,38,,,,,
6/25/2021 0:00,37,,,,,
6/25/2021 1:00,37,,,,,
6/25/2021 2:00,36,,,,,
6/25/2021 3:00,35,,,,,
6/25/2021 4:00,35,,,,,
6/25/2021 5:00,35,,,,,
6/25/2021 6:00,35,,,,,
6/25/2021 7:00,36,,,,,
6/25/2021 8:00,36,,,,,
6/25/2021 9:00,37,,,,,
6/25/2021 10:00,37,,,,,
6/25/2021 11:00,37,,,,,
6/25/2021 12:00,37,,,,,
6/25/2021 13:00,37,,,,,
6/25/2021 14:00,37,,,,,
6/25/2021 15:00,36,,,,,
6/25/2021 16:00,35,,,,,
6/25/2021 17:00,34,,,,,
6/25/2021 18:00,33,,,,,
6/25/2021 19:00,33,,,,,
6/25/2021 20:00,33,,,,,
6/25/2021 21:00,34,,,,,
6/25/2021 22:00,35,,,,,
6/25/2021 23:00,36,,,,,
6/26/2021 0:00,37,,,,,
6/26/2021 1:00,38,,,,,
6/26/2021 2:00,40,,,,,
6/26/2021 3:00,41,,,,,
6/26/2021 4:00,42,,,,,
6/26/2021 5:00,42,,,,,
6/26/2021 6:00,43,,,,,
6/26/2021 7:00,44,,,,,
6/26/2021 8:00,45,,,,,
6/26/2021 9:00,45,,,,,
6/26/2021 10:00,45,,,,,
6/26/2021 11:00,45,,,,,
6/26/2021 12:00,44,,,,,
6/26/2021 13:00,44,,,,,
6/26/2021 14:00,44,,,,,
6/26/2021 15:00,42,,,,,
6/26/2021 16:00,40,,,,,
6/26/2021 17:00,38,,,,,
6/26/2021 18:00,36,,,,,
6/26/2021 19:00,35,,,,,
6/26/2021 20:00,33,,,,,
6/26/2021 21:00,31,,,,,
6/26/2021 22:00,30,,,,,
6/26/2021 23:00,28,,,,,
6/27/2021 0:00,27,,,,,
6/27/2021 1:00,27,,,,,
6/27/2021 2:00,27,,,,,
6/27/2021 3:00,27,,,,,
6/27/2021 4:00,28,,,,,
6/27/2021 5:00,30,,,,,
6/27/2021 6:00,31,,,,,
6/27/2021 7:00,33,,,,,
6/27/2021 8:00,34,,,,,
6/27/2021 9:00,35,,,,,
6/27/2021 10:00,35,,,,,
6/27/2021 11:00,34,,,,,
6/27/2021 12:00,34,,,,,
6/27/2021 13:00,32,,,,,
6/27/2021 14:00,32,,,,,
6/27/2021 15:00,30,,,,,
6/27/2021 16:00,27,,,,,
6/27/2021 17:00,26,,,,,
6/27/2021 18:00,24,,,,,
6/27/2021 19:00,22,,,,,
6/27/2021 20:00,20,,,,,
6/27/2021 21:00,18,,,,,
6/27/2021 22:00,17,,,,,
6/27/2021 23:00,16,,,,,
6/28/2021 0:00,17,,,,,
6/28/2021 1:00,17,,,,,
6/28/2021 2:00,18,,,,,
6/28/2021 3:00,19,,,,,
6/28/2021 4:00,21,,,,,
6/28/2021 5:00,23,,,,,
6/28/2021 6:00,24,,,,,
6/28/2021 7:00,26,,,,,
6/28/2021 8:00,26,,,,,
6/28/2021 9:00,26,,,,,
6/28/2021 10:00,26,,,,,
6/28/2021 11:00,26,,,,,
6/28/2021 12:00,25,,,,,
6/28/2021 13:00,24,,,,,
6/28/2021 14:00,23,,,,,
6/28/2021 15:00,22,,,,,
6/28/2021 16:00,21,,,,,
6/28/2021 17:00,19,,,,,
6/28/2021 18:00,16,,,,,
6/28/2021 19:00,14,,,,,
6/28/2021 20:00,12,,,,,
6/28/2021 21:00,10,,,,,
6/28/2021 22:00,10,,,,,
6/28/2021 23:00,9,,,,,
6/29/2021 0:00,9,,,,,
6/29/2021 1:00,11,,,,,
6/29/2021 2:00,12,,,,,
6/29/2021 3:00,15,,,,,
6/29/2021 4:00,17,,,,,
6/29/2021 5:00,21,,,,,
6/29/2021 6:00,24,,,,,
6/29/2021 7:00,27,,,,,
6/29/2021 8:00,28,,,,,
6/29/2021 9:00,29,,,,,
6/29/2021 10:00,30,,,,,
6/29/2021 11:00,31,,,,,
6/29/2021 12:00,32,,,,,
6/29/2021 13:00,31,,,,,
6/29/2021 14:00,31,,,,,
6/29/2021 15:00,29,,,,,
6/29/2021 16:00,27,,,,,
6/29/2021 17:00,26,,,,,
6/29/2021 18:00,24,,,,,
6/29/2021 19:00,20,,,,,
6/29/2021 20:00,17,,,,,
6/29/2021 21:00,15,,,,,
6/29/2021 22:00,15,,,,,
6/29/2021 23:00,15,,,,,
6/30/2021 0:00,16,,,,,
6/30/2021 1:00,17,,,,,
6/30/2021 2:00,20,,,,,
6/30/2021 3:00,23,,,,,
6/30/2021 4:00,26,,,,,
6/30/2021 5:00,29,,,,,
6/30/2021 6:00,33,,,,,
6/30/2021 7:00,35,,,,,
6/30/2021 8:00,36,,,,,
6/30/2021 9:00,37,,,,,
6/30/2021 10:00,37,,,,,
6/30/2021 11:00,36,,,,,
6/30/2021 12:00,35,,,,,
6/30/2021 13:00,34,,,,,
6/30/2021 14:00,33,,,,,
6/30/2021 15:00,31,,,,,
6/30/2021 16:00,29,,,,,
6/30/2021 17:00,28,,,,,
6/30/2021 18:00,-999,,,,,
6/30/2021 19:00,-999,,,,,
6/30/2021 20:00,-999,,,,,
6/30/2021 21:00,-999,,,,,
6/30/2021 22:00,-999,,,,,
6/30/2021 23:00,-999,,,,,
7/1/2021 0:00,16,,,,,
7/1/2021 1:00,17,,,,,
7/1/2021 2:00,18,,,,,
7/1/2021 3:00,19,,,,,
7/1/2021 4:00,21,,,,,
7/1/2021 5:00,22,,,,,
7/1/2021 6:00,24,,,,,
7/1/2021 7:00,25,,,,,
7/1/2021 8:00,26,,,,,
7/1/2021 9:00,26,,,,,
7/1/2021 10:00,25,,,,,
7/1/2021 11:00,24,,,,,
7/1/2021 12:00,23,,,,,
7/1/2021 13:00,22,,,,,
7/1/2021 14:00,22,,,,,
7/1/2021 15:00,19,,,,,
7/1/2021 16:00,16,,,,,
7/1/2021 17:00,16,,,,,
7/1/2021 18:00,16,,,,,
7/1/2021 19:00,15,,,,,
7/1/2021 20:00,15,,,,,
7/1/2021 21:00,15,,,,,
7/1/2021 22:00,14,,,,,
7/1/2021 23:00,15,,,,,
7/2/2021 0:00,16,,,,,
7/2/2021 1:00,16,,,,,
7/2/2021 2:00,16,,,,,
7/2/2021 3:00,17,,,,,
7/2/2021 4:00,19,,,,,
7/2/2021 5:00,22,,,,,
7/2/2021 6:00,25,,,,,
7/2/2021 7:00,28,,,,,
7/2/2021 8:00,32,,,,,
7/2/2021 9:00,35,,,,,
7/2/2021 10:00,38,,,,,
7/2/2021 11:00,39,,,,,
7/2/2021 12:00,39,,,,,
7/2/2021 13:00,39,,,,,
7/2/2021 14:00,40,,,,,
7/2/2021 15:00,38,,,,,
7/2/2021 16:00,35,,,,,
7/2/2021 17:00,31,,,,,
7/2/2021 18:00,26,,,,,
7/2/2021 19:00,23,,,,,
7/2/2021 20:00,19,,,,,
7/2/2021 21:00,16,,,,,
7/2/2021 22:00,16,,,,,
7/2/2021 23:00,14,,,,,
7/3/2021 0:00,13,,,,,
7/3/2021 1:00,14,,,,,
7/3/2021 2:00,16,,,,,
7/3/2021 3:00,19,,,,,
7/3/2021 4:00,23,,,,,
7/3/2021 5:00,27,,,,,
7/3/2021 6:00,30,,,,,
7/3/2021 7:00,33,,,,,
7/3/2021 8:00,36,,,,,
7/3/2021 9:00,39,,,,,
7/3/2021 10:00,39,,,,,
7/3/2021 11:00,39,,,,,
7/3/2021 12:00,39,,,,,
7/3/2021 13:00,38,,,,,
7/3/2021 14:00,37,,,,,
7/3/2021 15:00,35,,,,,
7/3/2021 16:00,31,,,,,
7/3/2021 17:00,27,,,,,
7/3/2021 18:00,23,,,,,
7/3/2021 19:00,20,,,,,
7/3/2021 20:00,18,,,,,
7/3/2021 21:00,15,,,,,
7/3/2021 22:00,14,,,,,
7/3/2021 23:00,13,,,,,
7/4/2021 0:00,15,,,,,
7/4/2021 1:00,18,,,,,
7/4/2021 2:00,22,,,,,
7/4/2021 3:00,25,,,,,
7/4/2021 4:00,29,,,,,
7/4/2021 5:00,34,,,,,
7/4/2021 6:00,39,,,,,
7/4/2021 7:00,42,,,,,
7/4/2021 8:00,44,,,,,
7/4/2021 9:00,45,,,,,
7/4/2021 10:00,46,,,,,
7/4/2021 11:00,45,,,,,
7/4/2021 12:00,44,,,,,
7/4/2021 13:00,43,,,,,
7/4/2021 14:00,42,,,,,
7/4/2021 15:00,39,,,,,
7/4/2021 16:00,35,,,,,
7/4/2021 17:00,31,,,,,
7/4/2021 18:00,30,,,,,
7/4/2021 19:00,27,,,,,
7/4/2021 20:00,25,,,,,
7/4/2021 21:00,22,,,,,
7/4/2021 22:00,21,,,,,
7/4/2021 23:00,20,,,,,
7/5/2021 0:00,21,,,,,
7/5/2021 1:00,23,,,,,
7/5/2021 2:00,25,,,,,
7/5/2021 3:00,28,,,,,
7/5/2021 4:00,32,,,,,
7/5/2021 5:00,36,,,,,
7/5/2021 6:00,41,,,,,
7/5/2021 7:00,45,,,,,
7/5/2021 8:00,48,,,,,
7/5/2021 9:00,49,,,,,
7/5/2021 10:00,48,,,,,
7/5/2021 11:00,47,,,,,
7/5/2021 12:00,44,,,,,
7/5/2021 13:00,42,,,,,
7/5/2021 14:00,41,,,,,
7/5/2021 15:00,37,,,,,
7/5/2021 16:00,36,,,,,
7/5/2021 17:00,34,,,,,
7/5/2021 18:00,31,,,,,
7/5/2021 19:00,28,,,,,
7/5/2021 20:00,25,,,,,
7/5/2021 21:00,21,,,,,
7/5/2021 22:00,20,,,,,
7/5/2021 23:00,18,,,,,
7/6/2021 0:00,16,,,,,
7/6/2021 1:00,16,,,,,
7/6/2021 2:00,18,,,,,
7/6/2021 3:00,22,,,,,
7/6/2021 4:00,26,,,,,
7/6/2021 5:00,31,,,,,
7/6/2021 6:00,34,,,,,
7/6/2021 7:00,38,,,,,
7/6/2021 8:00,41,,,,,
7/6/2021 9:00,42,,,,,
7/6/2021 10:00,42,,,,,
7/6/2021 11:00,40,,,,,
7/6/2021 12:00,38,,,,,
7/6/2021 13:00,37,,,,,
7/6/2021 14:00,37,,,,,
7/6/2021 15:00,35,,,,,
7/6/2021 16:00,34,,,,,
7/6/2021 17:00,32,,,,,
7/6/2021 18:00,30,,,,,
7/6/2021 19:00,30,,,,,
7/6/2021 20:00,29,,,,,
7/6/2021 21:00,27,,,,,
7/6/2021 22:00,27,,,,,
7/6/2021 23:00,26,,,,,
7/7/2021 0:00,25,,,,,
7/7/2021 1:00,26,,,,,
7/7/2021 2:00,26,,,,,
7/7/2021 3:00,26,,,,,
7/7/2021 4:00,27,,,,,
7/7/2021 5:00,28,,,,,
7/7/2021 6:00,29,,,,,
7/7/2021 7:00,29,,,,,
7/7/2021 8:00,29,,,,,
7/7/2021 9:00,29,,,,,
7/7/2021 10:00,29,,,,,
7/7/2021 11:00,28,,,,,
7/7/2021 12:00,27,,,,,
7/7/2021 13:00,25,,,,,
7/7/2021 14:00,25,,,,,
7/7/2021 15:00,24,,,,,
7/7/2021 16:00,22,,,,,
7/7/2021 17:00,20,,,,,
7/7/2021 18:00,18,,,,,
7/7/2021 19:00,17,,,,,
7/7/2021 20:00,16,,,,,
7/7/2021 21:00,15,,,,,
7/7/2021 22:00,15,,,,,
7/7/2021 23:00,14,,,,,
7/8/2021 0:00,14,,,,,
7/8/2021 1:00,14,,,,,
7/8/2021 2:00,-999,,,,,
7/8/2021 3:00,-999,,,,,
7/8/2021 4:00,-999,,,,,
7/8/2021 5:00,-999,,,,,
7/8/2021 6:00,-999,,,,,
7/8/2021 7:00,-999,,,,,
7/8/2021 8:00,-999,,,,,
7/8/2021 9:00,-999,,,,,
7/8/2021 10:00,38,,,,,
7/8/2021 11:00,37,,,,,
7/8/2021 12:00,36,,,,,
7/8/2021 13:00,37,,,,,
7/8/2021 14:00,37,,,,,
7/8/2021 15:00,36,,,,,
7/8/2021 16:00,34,,,,,
7/8/2021 17:00,32,,,,,
7/8/2021 18:00,30,,,,,
7/8/2021 19:00,29,,,,,
7/8/2021 20:00,27,,,,,
7/8/2021 21:00,24,,,,,
7/8/2021 22:00,23,,,,,
7/8/2021 23:00,22,,,,,
7/9/2021 0:00,22,,,,,
7/9/2021 1:00,23,,,,,
7/9/2021 2:00,24,,,,,
7/9/2021 3:00,26,,,,,
7/9/2021 4:00,29,,,,,
7/9/2021 5:00,33,,,,,
7/9/2021 6:00,36,,,,,
7/9/2021 7:00,38,,,,,
7/9/2021 8:00,41,,,,,
7/9/2021 9:00,42,,,,,
7/9/2021 10:00,43,,,,,
7/9/2021 11:00,43,,,,,
7/9/2021 12:00,41,,,,,
7/9/2021 13:00,39,,,,,
7/9/2021 14:00,38,,,,,
7/9/2021 15:00,35,,,,,
7/9/2021 16:00,32,,,,,
7/9/2021 17:00,28,,,,,
7/9/2021 18:00,24,,,,,
7/9/2021 19:00,20,,,,,
7/9/2021 20:00,17,,,,,
7/9/2021 21:00,16,,,,,
7/9/2021 22:00,15,,,,,
7/9/2021 23:00,14,,,,,
7/10/2021 0:00,13,,,,,
7/10/2021 1:00,14,,,,,
7/10/2021 2:00,18,,,,,
7/10/2021 3:00,21,,,,,
7/10/2021 4:00,26,,,,,
7/10/2021 5:00,30,,,,,
7/10/2021 6:00,33,,,,,
7/10/2021 7:00,35,,,,,
7/10/2021 8:00,37,,,,,
7/10/2021 9:00,37,,,,,
7/10/2021 10:00,35,,,,,
7/10/2021 11:00,33,,,,,
7/10/2021 12:00,29,,,,,
7/10/2021 13:00,25,,,,,
7/10/2021 14:00,23,,,,,
7/10/2021 15:00,25,,,,,
7/10/2021 16:00,26,,,,,
7/10/2021 17:00,28,,,,,
7/10/2021 18:00,28,,,,,
7/10/2021 19:00,30,,,,,
7/10/2021 20:00,33,,,,,
7/10/2021 21:00,36,,,,,
7/10/2021 22:00,36,,,,,
7/10/2021 23:00,33,,,,,
7/11/2021 0:00,31,,,,,
7/11/2021 1:00,29,,,,,
7/11/2021 2:00,29,,,,,
7/11/2021 3:00,30,,,,,
7/11/2021 4:00,31,,,,,
7/11/2021 5:00,31,,,,,
7/11/2021 6:00,31,,,,,
7/11/2021 7:00,33,,,,,
7/11/2021 8:00,34,,,,,
7/11/2021 9:00,35,,,,,
7/11/2021 10:00,36,,,,,
7/11/2021 11:00,36,,,,,
7/11/2021 12:00,34,,,,,
7/11/2021 13:00,32,,,,,
7/11/2021 14:00,31,,,,,
7/11/2021 15:00,29,,,,,
7/11/2021 16:00,27,,,,,
7/11/2021 17:00,25,,,,,
7/11/2021 18:00,23,,,,,
7/11/2021 19:00,20,,,,,
7/11/2021 20:00,19,,,,,
7/11/2021 21:00,17,,,,,
7/11/2021 22:00,17,,,,,
7/11/2021 23:00,18,,,,,
7/12/2021 0:00,18,,,,,
7/12/2021 1:00,20,,,,,
7/12/2021 2:00,22,,,,,
7/12/2021 3:00,24,,,,,
7/12/2021 4:00,26,,,,,
7/12/2021 5:00,28,,,,,
7/12/2021 6:00,31,,,,,
7/12/2021 7:00,33,,,,,
7/12/2021 8:00,34,,,,,
7/12/2021 9:00,35,,,,,
7/12/2021 10:00,34,,,,,
7/12/2021 11:00,33,,,,,
7/12/2021 12:00,31,,,,,
7/12/2021 13:00,29,,,,,
7/12/2021 14:00,27,,,,,
7/12/2021 15:00,26,,,,,
7/12/2021 16:00,26,,,,,
7/12/2021 17:00,25,,,,,
7/12/2021 18:00,24,,,,,
7/12/2021 19:00,24,,,,,
7/12/2021 20:00,24,,,,,
7/12/2021 21:00,25,,,,,
7/12/2021 22:00,23,,,,,
7/12/2021 23:00,21,,,,,
7/13/2021 0:00,19,,,,,
7/13/2021 1:00,20,,,,,
7/13/2021 2:00,22,,,,,
7/13/2021 3:00,23,,,,,
7/13/2021 4:00,26,,,,,
7/13/2021 5:00,28,,,,,
7/13/2021 6:00,31,,,,,
7/13/2021 7:00,34,,,,,
7/13/2021 8:00,37,,,,,
7/13/2021 9:00,37,,,,,
7/13/2021 10:00,37,,,,,
7/13/2021 11:00,37,,,,,
7/13/2021 12:00,36,,,,,
7/13/2021 13:00,35,,,,,
7/13/2021 14:00,35,,,,,
7/13/2021 15:00,33,,,,,
7/13/2021 16:00,31,,,,,
7/13/2021 17:00,28,,,,,
7/13/2021 18:00,25,,,,,
7/13/2021 19:00,22,,,,,
7/13/2021 20:00,20,,,,,
7/13/2021 21:00,17,,,,,
7/13/2021 22:00,16,,,,,
7/13/2021 23:00,14,,,,,
7/14/2021 0:00,14,,,,,
7/14/2021 1:00,14,,,,,
7/14/2021 2:00,16,,,,,
7/14/2021 3:00,19,,,,,
7/14/2021 4:00,23,,,,,
7/14/2021 5:00,27,,,,,
7/14/2021 6:00,31,,,,,
7/14/2021 7:00,36,,,,,
7/14/2021 8:00,40,,,,,
7/14/2021 9:00,43,,,,,
7/14/2021 10:00,44,,,,,
7/14/2021 11:00,44,,,,,
7/14/2021 12:00,42,,,,,
7/14/2021 13:00,40,,,,,
7/14/2021 14:00,40,,,,,
7/14/2021 15:00,38,,,,,
7/14/2021 16:00,34,,,,,
7/14/2021 17:00,30,,,,,
7/14/2021 18:00,28,,,,,
7/14/2021 19:00,26,,,,,
7/14/2021 20:00,24,,,,,
7/14/2021 21:00,23,,,,,
7/14/2021 22:00,22,,,,,
7/14/2021 23:00,21,,,,,
7/15/2021 0:00,21,,,,,
7/15/2021 1:00,23,,,,,
7/15/2021 2:00,25,,,,,
7/15/2021 3:00,27,,,,,
7/15/2021 4:00,29,,,,,
7/15/2021 5:00,32,,,,,
7/15/2021 6:00,35,,,,,
7/15/2021 7:00,37,,,,,
7/15/2021 8:00,39,,,,,
7/15/2021 9:00,39,,,,,
7/15/2021 10:00,39,,,,,
7/15/2021 11:00,38,,,,,
7/15/2021 12:00,38,,,,,
7/15/2021 13:00,36,,,,,
7/15/2021 14:00,36,,,,,
7/15/2021 15:00,34,,,,,
7/15/2021 16:00,32,,,,,
7/15/2021 17:00,30,,,,,
7/15/2021 18:00,27,,,,,
7/15/2021 19:00,25,,,,,
7/15/2021 20:00,23,,,,,
7/15/2021 21:00,21,,,,,
7/15/2021 22:00,20,,,,,
7/15/2021 23:00,19,,,,,
7/16/2021 0:00,19,,,,,
7/16/2021 1:00,19,,,,,
7/16/2021 2:00,21,,,,,
7/16/2021 3:00,22,,,,,
7/16/2021 4:00,25,,,,,
7/16/2021 5:00,27,,,,,
7/16/2021 6:00,29,,,,,
7/16/2021 7:00,31,,,,,
7/16/2021 8:00,32,,,,,
7/16/2021 9:00,33,,,,,
7/16/2021 10:00,32,,,,,
7/16/2021 11:00,32,,,,,
7/16/2021 12:00,31,,,,,
7/16/2021 13:00,31,,,,,
7/16/2021 14:00,31,,,,,
7/16/2021 15:00,29,,,,,
7/16/2021 16:00,28,,,,,
7/16/2021 17:00,27,,,,,
7/16/2021 18:00,26,,,,,
7/16/2021 19:00,25,,,,,
7/16/2021 20:00,24,,,,,
7/16/2021 21:00,23,,,,,
7/16/2021 22:00,22,,,,,
7/16/2021 23:00,22,,,,,
7/17/2021 0:00,21,,,,,
7/17/2021 1:00,21,,,,,
7/17/2021 2:00,21,,,,,
7/17/2021 3:00,22,,,,,
7/17/2021 4:00,24,,,,,
7/17/2021 5:00,26,,,,,
7/17/2021 6:00,27,,,,,
7/17/2021 7:00,29,,,,,
7/17/2021 8:00,31,,,,,
7/17/2021 9:00,33,,,,,
7/17/2021 10:00,34,,,,,
7/17/2021 11:00,34,,,,,
7/17/2021 12:00,32,,,,,
7/17/2021 13:00,31,,,,,
7/17/2021 14:00,31,,,,,
7/17/2021 15:00,28,,,,,
7/17/2021 16:00,25,,,,,
7/17/2021 17:00,23,,,,,
7/17/2021 18:00,19,,,,,
7/17/2021 19:00,17,,,,,
7/17/2021 20:00,14,,,,,
7/17/2021 21:00,12,,,,,
7/17/2021 22:00,12,,,,,
7/17/2021 23:00,11,,,,,
7/18/2021 0:00,11,,,,,
7/18/2021 1:00,12,,,,,
7/18/2021 2:00,13,,,,,
7/18/2021 3:00,16,,,,,
7/18/2021 4:00,19,,,,,
7/18/2021 5:00,23,,,,,
7/18/2021 6:00,26,,,,,
7/18/2021 7:00,28,,,,,
7/18/2021 8:00,30,,,,,
7/18/2021 9:00,30,,,,,
7/18/2021 10:00,30,,,,,
7/18/2021 11:00,29,,,,,
7/18/2021 12:00,28,,,,,
7/18/2021 13:00,28,,,,,
7/18/2021 14:00,27,,,,,
7/18/2021 15:00,26,,,,,
7/18/2021 16:00,26,,,,,
7/18/2021 17:00,27,,,,,
7/18/2021 18:00,26,,,,,
7/18/2021 19:00,26,,,,,
7/18/2021 20:00,25,,,,,
7/18/2021 21:00,24,,,,,
7/18/2021 22:00,23,,,,,
7/18/2021 23:00,22,,,,,
7/19/2021 0:00,22,,,,,
7/19/2021 1:00,22,,,,,
7/19/2021 2:00,23,,,,,
7/19/2021 3:00,24,,,,,
7/19/2021 4:00,26,,,,,
7/19/2021 5:00,28,,,,,
7/19/2021 6:00,30,,,,,
7/19/2021 7:00,32,,,,,
7/19/2021 8:00,34,,,,,
7/19/2021 9:00,36,,,,,
7/19/2021 10:00,37,,,,,
7/19/2021 11:00,38,,,,,
7/19/2021 12:00,38,,,,,
7/19/2021 13:00,38,,,,,
7/19/2021 14:00,37,,,,,
7/19/2021 15:00,36,,,,,
7/19/2021 16:00,34,,,,,
7/19/2021 17:00,32,,,,,
7/19/2021 18:00,30,,,,,
7/19/2021 19:00,27,,,,,
7/19/2021 20:00,25,,,,,
7/19/2021 21:00,23,,,,,
7/19/2021 22:00,22,,,,,
7/19/2021 23:00,21,,,,,
7/20/2021 0:00,21,,,,,
7/20/2021 1:00,22,,,,,
7/20/2021 2:00,24,,,,,
7/20/2021 3:00,27,,,,,
7/20/2021 4:00,30,,,,,
7/20/2021 5:00,34,,,,,
7/20/2021 6:00,37,,,,,
7/20/2021 7:00,39,,,,,
7/20/2021 8:00,41,,,,,
7/20/2021 9:00,44,,,,,
7/20/2021 10:00,44,,,,,
7/20/2021 11:00,44,,,,,
7/20/2021 12:00,42,,,,,
7/20/2021 13:00,39,,,,,
7/20/2021 14:00,-999,,,,,
7/20/2021 15:00,36,,,,,
7/20/2021 16:00,35,,,,,
7/20/2021 17:00,32,,,,,
7/20/2021 18:00,29,,,,,
7/20/2021 19:00,27,,,,,
7/20/2021 20:00,24,,,,,
7/20/2021 21:00,22,,,,,
7/20/2021 22:00,21,,,,,
7/20/2021 23:00,19,,,,,
7/21/2021 0:00,19,,,,,
7/21/2021 1:00,20,,,,,
7/21/2021 2:00,23,,,,,
7/21/2021 3:00,27,,,,,
7/21/2021 4:00,32,,,,,
7/21/2021 5:00,38,,,,,
7/21/2021 6:00,44,,,,,
7/21/2021 7:00,49,,,,,
7/21/2021 8:00,53,,,,,
7/21/2021 9:00,56,,,,,
7/21/2021 10:00,55,,,,,
7/21/2021 11:00,54,,,,,
7/21/2021 12:00,52,,,,,
7/21/2021 13:00,49,,,,,
7/21/2021 14:00,47,,,,,
7/21/2021 15:00,44,,,,,
7/21/2021 16:00,40,,,,,
7/21/2021 17:00,37,,,,,
7/21/2021 18:00,34,,,,,
7/21/2021 19:00,31,,,,,
7/21/2021 20:00,29,,,,,
7/21/2021 21:00,26,,,,,
7/21/2021 22:00,25,,,,,
7/21/2021 23:00,24,,,,,
7/22/2021 0:00,24,,,,,
7/22/2021 1:00,25,,,,,
7/22/2021 2:00,27,,,,,
7/22/2021 3:00,31,,,,,
7/22/2021 4:00,34,,,,,
7/22/2021 5:00,38,,,,,
7/22/2021 6:00,41,,,,,
7/22/2021 7:00,45,,,,,
7/22/2021 8:00,48,,,,,
7/22/2021 9:00,49,,,,,
7/22/2021 10:00,49,,,,,
7/22/2021 11:00,48,,,,,
7/22/2021 12:00,46,,,,,
7/22/2021 13:00,43,,,,,
7/22/2021 14:00,42,,,,,
7/22/2021 15:00,40,,,,,
7/22/2021 16:00,38,,,,,
7/22/2021 17:00,36,,,,,
7/22/2021 18:00,33,,,,,
7/22/2021 19:00,31,,,,,
7/22/2021 20:00,29,,,,,
7/22/2021 21:00,27,,,,,
7/22/2021 22:00,25,,,,,
7/22/2021 23:00,23,,,,,
7/23/2021 0:00,22,,,,,
7/23/2021 1:00,22,,,,,
7/23/2021 2:00,24,,,,,
7/23/2021 3:00,27,,,,,
7/23/2021 4:00,31,,,,,
7/23/2021 5:00,36,,,,,
7/23/2021 6:00,41,,,,,
7/23/2021 7:00,44,,,,,
7/23/2021 8:00,47,,,,,
7/23/2021 9:00,49,,,,,
7/23/2021 10:00,49,,,,,
7/23/2021 11:00,48,,,,,
7/23/2021 12:00,46,,,,,
7/23/2021 13:00,43,,,,,
7/23/2021 14:00,42,,,,,
7/23/2021 15:00,39,,,,,
7/23/2021 16:00,37,,,,,
7/23/2021 17:00,35,,,,,
7/23/2021 18:00,32,,,,,
7/23/2021 19:00,29,,,,,
7/23/2021 20:00,27,,,,,
7/23/2021 21:00,24,,,,,
7/23/2021 22:00,23,,,,,
7/23/2021 23:00,21,,,,,
7/24/2021 0:00,21,,,,,
7/24/2021 1:00,21,,,,,
7/24/2021 2:00,24,,,,,
7/24/2021 3:00,29,,,,,
7/24/2021 4:00,33,,,,,
7/24/2021 5:00,38,,,,,
7/24/2021 6:00,43,,,,,
7/24/2021 7:00,48,,,,,
7/24/2021 8:00,50,,,,,
7/24/2021 9:00,52,,,,,
7/24/2021 10:00,52,,,,,
7/24/2021 11:00,51,,,,,
7/24/2021 12:00,48,,,,,
7/24/2021 13:00,46,,,,,
7/24/2021 14:00,45,,,,,
7/24/2021 15:00,43,,,,,
7/24/2021 16:00,41,,,,,
7/24/2021 17:00,38,,,,,
7/24/2021 18:00,36,,,,,
7/24/2021 19:00,34,,,,,
7/24/2021 20:00,34,,,,,
7/24/2021 21:00,31,,,,,
7/24/2021 22:00,31,,,,,
7/24/2021 23:00,28,,,,,
7/25/2021 0:00,26,,,,,
7/25/2021 1:00,25,,,,,
7/25/2021 2:00,27,,,,,
7/25/2021 3:00,28,,,,,
7/25/2021 4:00,30,,,,,
7/25/2021 5:00,31,,,,,
7/25/2021 6:00,31,,,,,
7/25/2021 7:00,32,,,,,
7/25/2021 8:00,32,,,,,
7/25/2021 9:00,32,,,,,
7/25/2021 10:00,31,,,,,
7/25/2021 11:00,30,,,,,
7/25/2021 12:00,29,,,,,
7/25/2021 13:00,28,,,,,
7/25/2021 14:00,28,,,,,
7/25/2021 15:00,26,,,,,
7/25/2021 16:00,24,,,,,
7/25/2021 17:00,21,,,,,
7/25/2021 18:00,18,,,,,
7/25/2021 19:00,15,,,,,
7/25/2021 20:00,11,,,,,
7/25/2021 21:00,9,,,,,
7/25/2021 22:00,8,,,,,
7/25/2021 23:00,7,,,,,
7/26/2021 0:00,9,,,,,
7/26/2021 1:00,11,,,,,
7/26/2021 2:00,14,,,,,
7/26/2021 3:00,19,,,,,
7/26/2021 4:00,24,,,,,
7/26/2021 5:00,29,,,,,
7/26/2021 6:00,35,,,,,
7/26/2021 7:00,40,,,,,
7/26/2021 8:00,43,,,,,
7/26/2021 9:00,45,,,,,
7/26/2021 10:00,44,,,,,
7/26/2021 11:00,41,,,,,
7/26/2021 12:00,38,,,,,
7/26/2021 13:00,34,,,,,
7/26/2021 14:00,32,,,,,
7/26/2021 15:00,27,,,,,
7/26/2021 16:00,22,,,,,
7/26/2021 17:00,18,,,,,
7/26/2021 18:00,16,,,,,
7/26/2021 19:00,16,,,,,
7/26/2021 20:00,14,,,,,
7/26/2021 21:00,15,,,,,
7/26/2021 22:00,15,,,,,
7/26/2021 23:00,14,,,,,
7/27/2021 0:00,16,,,,,
7/27/2021 1:00,18,,,,,
7/27/2021 2:00,22,,,,,
7/27/2021 3:00,26,,,,,
7/27/2021 4:00,30,,,,,
7/27/2021 5:00,35,,,,,
7/27/2021 6:00,40,,,,,
7/27/2021 7:00,45,,,,,
7/27/2021 8:00,49,,,,,
7/27/2021 9:00,51,,,,,
7/27/2021 10:00,51,,,,,
7/27/2021 11:00,51,,,,,
7/27/2021 12:00,47,,,,,
7/27/2021 13:00,43,,,,,
7/27/2021 14:00,42,,,,,
7/27/2021 15:00,37,,,,,
7/27/2021 16:00,32,,,,,
7/27/2021 17:00,27,,,,,
7/27/2021 18:00,22,,,,,
7/27/2021 19:00,19,,,,,
7/27/2021 20:00,18,,,,,
7/27/2021 21:00,17,,,,,
7/27/2021 22:00,18,,,,,
7/27/2021 23:00,18,,,,,
7/28/2021 0:00,20,,,,,
7/28/2021 1:00,23,,,,,
7/28/2021 2:00,28,,,,,
7/28/2021 3:00,34,,,,,
7/28/2021 4:00,39,,,,,
7/28/2021 5:00,44,,,,,
7/28/2021 6:00,49,,,,,
7/28/2021 7:00,53,,,,,
7/28/2021 8:00,56,,,,,
7/28/2021 9:00,58,,,,,
7/28/2021 10:00,58,,,,,
7/28/2021 11:00,55,,,,,
7/28/2021 12:00,54,,,,,
7/28/2021 13:00,51,,,,,
7/28/2021 14:00,49,,,,,
7/28/2021 15:00,43,,,,,
7/28/2021 16:00,36,,,,,
7/28/2021 17:00,30,,,,,
7/28/2021 18:00,24,,,,,
7/28/2021 19:00,18,,,,,
7/28/2021 20:00,12,,,,,
7/28/2021 21:00,8,,,,,
7/28/2021 22:00,8,,,,,
7/28/2021 23:00,7,,,,,
7/29/2021 0:00,8,,,,,
7/29/2021 1:00,13,,,,,
7/29/2021 2:00,18,,,,,
7/29/2021 3:00,24,,,,,
7/29/2021 4:00,31,,,,,
7/29/2021 5:00,37,,,,,
7/29/2021 6:00,42,,,,,
7/29/2021 7:00,46,,,,,
7/29/2021 8:00,47,,,,,
7/29/2021 9:00,47,,,,,
7/29/2021 10:00,45,,,,,
7/29/2021 11:00,42,,,,,
7/29/2021 12:00,38,,,,,
7/29/2021 13:00,35,,,,,
7/29/2021 14:00,34,,,,,
7/29/2021 15:00,34,,,,,
7/29/2021 16:00,34,,,,,
7/29/2021 17:00,33,,,,,
7/29/2021 18:00,33,,,,,
7/29/2021 19:00,34,,,,,
7/29/2021 20:00,35,,,,,
7/29/2021 21:00,36,,,,,
7/29/2021 22:00,36,,,,,
7/29/2021 23:00,34,,,,,
7/30/2021 0:00,34,,,,,
7/30/2021 1:00,34,,,,,
7/30/2021 2:00,34,,,,,
7/30/2021 3:00,36,,,,,
7/30/2021 4:00,37,,,,,
7/30/2021 5:00,39,,,,,
7/30/2021 6:00,41,,,,,
7/30/2021 7:00,45,,,,,
7/30/2021 8:00,48,,,,,
7/30/2021 9:00,49,,,,,
7/30/2021 10:00,50,,,,,
7/30/2021 11:00,49,,,,,
7/30/2021 12:00,48,,,,,
7/30/2021 13:00,45,,,,,
7/30/2021 14:00,45,,,,,
7/30/2021 15:00,39,,,,,
7/30/2021 16:00,33,,,,,
7/30/2021 17:00,28,,,,,
7/30/2021 18:00,23,,,,,
7/30/2021 19:00,19,,,,,
7/30/2021 20:00,16,,,,,
7/30/2021 21:00,14,,,,,
7/30/2021 22:00,13,,,,,
7/30/2021 23:00,12,,,,,
7/31/2021 0:00,12,,,,,
7/31/2021 1:00,15,,,,,
7/31/2021 2:00,18,,,,,
7/31/2021 3:00,21,,,,,
7/31/2021 4:00,26,,,,,
7/31/2021 5:00,30,,,,,
7/31/2021 6:00,34,,,,,
7/31/2021 7:00,39,,,,,
7/31/2021 8:00,42,,,,,
7/31/2021 9:00,44,,,,,
7/31/2021 10:00,43,,,,,
7/31/2021 11:00,41,,,,,
7/31/2021 12:00,39,,,,,
7/31/2021 13:00,38,,,,,
7/31/2021 14:00,37,,,,,
7/31/2021 15:00,35,,,,,
7/31/2021 16:00,31,,,,,
7/31/2021 17:00,30,,,,,
7/31/2021 18:00,-999,,,,,
7/31/2021 19:00,-999,,,,,
7/31/2021 20:00,-999,,,,,
7/31/2021 21:00,-999,,,,,
7/31/2021 22:00,-999,,,,,
7/31/2021 23:00,-999,,,,,
8/1/2021 0:00,22,,,,,
8/1/2021 1:00,24,,,,,
8/1/2021 2:00,27,,,,,
8/1/2021 3:00,31,,,,,
8/1/2021 4:00,35,,,,,
8/1/2021 5:00,39,,,,,
8/1/2021 6:00,39,,,,,
8/1/2021 7:00,42,,,,,
8/1/2021 8:00,45,,,,,
8/1/2021 9:00,46,,,,,
8/1/2021 10:00,46,,,,,
8/1/2021 11:00,45,,,,,
8/1/2021 12:00,44,,,,,
8/1/2021 13:00,42,,,,,
8/1/2021 14:00,42,,,,,
8/1/2021 15:00,40,,,,,
8/1/2021 16:00,37,,,,,
8/1/2021 17:00,34,,,,,
8/1/2021 18:00,31,,,,,
8/1/2021 19:00,28,,,,,
8/1/2021 20:00,25,,,,,
8/1/2021 21:00,23,,,,,
8/1/2021 22:00,22,,,,,
8/1/2021 23:00,20,,,,,
8/2/2021 0:00,20,,,,,
8/2/2021 1:00,20,,,,,
8/2/2021 2:00,22,,,,,
8/2/2021 3:00,25,,,,,
8/2/2021 4:00,28,,,,,
8/2/2021 5:00,32,,,,,
8/2/2021 6:00,35,,,,,
8/2/2021 7:00,39,,,,,
8/2/2021 8:00,42,,,,,
8/2/2021 9:00,44,,,,,
8/2/2021 10:00,45,,,,,
8/2/2021 11:00,44,,,,,
8/2/2021 12:00,43,,,,,
8/2/2021 13:00,41,,,,,
8/2/2021 14:00,41,,,,,
8/2/2021 15:00,38,,,,,
8/2/2021 16:00,35,,,,,
8/2/2021 17:00,32,,,,,
8/2/2021 18:00,29,,,,,
8/2/2021 19:00,26,,,,,
8/2/2021 20:00,23,,,,,
8/2/2021 21:00,21,,,,,
8/2/2021 22:00,21,,,,,
8/2/2021 23:00,20,,,,,
8/3/2021 0:00,20,,,,,
8/3/2021 1:00,21,,,,,
8/3/2021 2:00,24,,,,,
8/3/2021 3:00,27,,,,,
8/3/2021 4:00,30,,,,,
8/3/2021 5:00,34,,,,,
8/3/2021 6:00,39,,,,,
8/3/2021 7:00,42,,,,,
8/3/2021 8:00,45,,,,,
8/3/2021 9:00,48,,,,,
8/3/2021 10:00,49,,,,,
8/3/2021 11:00,50,,,,,
8/3/2021 12:00,51,,,,,
8/3/2021 13:00,51,,,,,
8/3/2021 14:00,51,,,,,
8/3/2021 15:00,49,,,,,
8/3/2021 16:00,47,,,,,
8/3/2021 17:00,44,,,,,
8/3/2021 18:00,41,,,,,
8/3/2021 19:00,38,,,,,
8/3/2021 20:00,35,,,,,
8/3/2021 21:00,32,,,,,
8/3/2021 22:00,31,,,,,
8/3/2021 23:00,29,,,,,
8/4/2021 0:00,28,,,,,
8/4/2021 1:00,29,,,,,
8/4/2021 2:00,31,,,,,
8/4/2021 3:00,33,,,,,
8/4/2021 4:00,36,,,,,
8/4/2021 5:00,40,,,,,
8/4/2021 6:00,44,,,,,
8/4/2021 7:00,48,,,,,
8/4/2021 8:00,52,,,,,
8/4/2021 9:00,55,,,,,
8/4/2021 10:00,57,,,,,
8/4/2021 11:00,58,,,,,
8/4/2021 12:00,58,,,,,
8/4/2021 13:00,57,,,,,
8/4/2021 14:00,57,,,,,
8/4/2021 15:00,54,,,,,
8/4/2021 16:00,50,,,,,
8/4/2021 17:00,46,,,,,
8/4/2021 18:00,41,,,,,
8/4/2021 19:00,36,,,,,
8/4/2021 20:00,31,,,,,
8/4/2021 21:00,27,,,,,
8/4/2021 22:00,25,,,,,
8/4/2021 23:00,22,,,,,
8/5/2021 0:00,22,,,,,
8/5/2021 1:00,20,,,,,
8/5/2021 2:00,19,,,,,
8/5/2021 3:00,26,,,,,
8/5/2021 4:00,33,,,,,
8/5/2021 5:00,40,,,,,
8/5/2021 6:00,48,,,,,
8/5/2021 7:00,57,,,,,
8/5/2021 8:00,62,,,,,
8/5/2021 9:00,62,,,,,
8/5/2021 10:00,61,,,,,
8/5/2021 11:00,59,,,,,
8/5/2021 12:00,57,,,,,
8/5/2021 13:00,54,,,,,
8/5/2021 14:00,53,,,,,
8/5/2021 15:00,50,,,,,
8/5/2021 16:00,46,,,,,
8/5/2021 17:00,40,,,,,
8/5/2021 18:00,34,,,,,
8/5/2021 19:00,30,,,,,
8/5/2021 20:00,27,,,,,
8/5/2021 21:00,26,,,,,
8/5/2021 22:00,25,,,,,
8/5/2021 23:00,23,,,,,
8/6/2021 0:00,21,,,,,
8/6/2021 1:00,23,,,,,
8/6/2021 2:00,26,,,,,
8/6/2021 3:00,31,,,,,
8/6/2021 4:00,36,,,,,
8/6/2021 5:00,40,,,,,
8/6/2021 6:00,44,,,,,
8/6/2021 7:00,48,,,,,
8/6/2021 8:00,52,,,,,
8/6/2021 9:00,55,,,,,
8/6/2021 10:00,55,,,,,
8/6/2021 11:00,54,,,,,
8/6/2021 12:00,51,,,,,
8/6/2021 13:00,48,,,,,
8/6/2021 14:00,47,,,,,
8/6/2021 15:00,43,,,,,
8/6/2021 16:00,39,,,,,
8/6/2021 17:00,35,,,,,
8/6/2021 18:00,31,,,,,
8/6/2021 19:00,26,,,,,
8/6/2021 20:00,23,,,,,
8/6/2021 21:00,19,,,,,
8/6/2021 22:00,17,,,,,
8/6/2021 23:00,15,,,,,
8/7/2021 0:00,13,,,,,
8/7/2021 1:00,13,,,,,
8/7/2021 2:00,15,,,,,
8/7/2021 3:00,19,,,,,
8/7/2021 4:00,23,,,,,
8/7/2021 5:00,28,,,,,
8/7/2021 6:00,33,,,,,
8/7/2021 7:00,39,,,,,
8/7/2021 8:00,43,,,,,
8/7/2021 9:00,46,,,,,
8/7/2021 10:00,47,,,,,
8/7/2021 11:00,46,,,,,
8/7/2021 12:00,45,,,,,
8/7/2021 13:00,45,,,,,
8/7/2021 14:00,43,,,,,
8/7/2021 15:00,41,,,,,
8/7/2021 16:00,40,,,,,
8/7/2021 17:00,38,,,,,
8/7/2021 18:00,37,,,,,
8/7/2021 19:00,35,,,,,
8/7/2021 20:00,34,,,,,
8/7/2021 21:00,32,,,,,
8/7/2021 22:00,32,,,,,
8/7/2021 23:00,30,,,,,
8/8/2021 0:00,30,,,,,
8/8/2021 1:00,30,,,,,
8/8/2021 2:00,30,,,,,
8/8/2021 3:00,32,,,,,
8/8/2021 4:00,34,,,,,
8/8/2021 5:00,38,,,,,
8/8/2021 6:00,40,,,,,
8/8/2021 7:00,43,,,,,
8/8/2021 8:00,46,,,,,
8/8/2021 9:00,48,,,,,
8/8/2021 10:00,49,,,,,
8/8/2021 11:00,50,,,,,
8/8/2021 12:00,50,,,,,
8/8/2021 13:00,49,,,,,
8/8/2021 14:00,48,,,,,
8/8/2021 15:00,45,,,,,
8/8/2021 16:00,41,,,,,
8/8/2021 17:00,37,,,,,
8/8/2021 18:00,34,,,,,
8/8/2021 19:00,31,,,,,
8/8/2021 20:00,31,,,,,
8/8/2021 21:00,31,,,,,
8/8/2021 22:00,31,,,,,
8/8/2021 23:00,31,,,,,
8/9/2021 0:00,31,,,,,
8/9/2021 1:00,32,,,,,
8/9/2021 2:00,33,,,,,
8/9/2021 3:00,33,,,,,
8/9/2021 4:00,30,,,,,
8/9/2021 5:00,28,,,,,
8/9/2021 6:00,28,,,,,
8/9/2021 7:00,29,,,,,
8/9/2021 8:00,29,,,,,
8/9/2021 9:00,28,,,,,
8/9/2021 10:00,27,,,,,
8/9/2021 11:00,27,,,,,
8/9/2021 12:00,27,,,,,
8/9/2021 13:00,26,,,,,
8/9/2021 14:00,25,,,,,
8/9/2021 15:00,23,,,,,
8/9/2021 16:00,22,,,,,
8/9/2021 17:00,20,,,,,
8/9/2021 18:00,18,,,,,
8/9/2021 19:00,17,,,,,
8/9/2021 20:00,15,,,,,
8/9/2021 21:00,13,,,,,
8/9/2021 22:00,13,,,,,
8/9/2021 23:00,12,,,,,
8/10/2021 0:00,12,,,,,
8/10/2021 1:00,13,,,,,
8/10/2021 2:00,15,,,,,
8/10/2021 3:00,17,,,,,
8/10/2021 4:00,20,,,,,
8/10/2021 5:00,23,,,,,
8/10/2021 6:00,25,,,,,
8/10/2021 7:00,27,,,,,
8/10/2021 8:00,29,,,,,
8/10/2021 9:00,30,,,,,
8/10/2021 10:00,30,,,,,
8/10/2021 11:00,29,,,,,
8/10/2021 12:00,29,,,,,
8/10/2021 13:00,27,,,,,
8/10/2021 14:00,27,,,,,
8/10/2021 15:00,26,,,,,
8/10/2021 16:00,24,,,,,
8/10/2021 17:00,22,,,,,
8/10/2021 18:00,20,,,,,
8/10/2021 19:00,18,,,,,
8/10/2021 20:00,16,,,,,
8/10/2021 21:00,14,,,,,
8/10/2021 22:00,14,,,,,
8/10/2021 23:00,13,,,,,
8/11/2021 0:00,12,,,,,
8/11/2021 1:00,12,,,,,
8/11/2021 2:00,-999,,,,,
8/11/2021 3:00,-999,,,,,
8/11/2021 4:00,-999,,,,,
8/11/2021 5:00,-999,,,,,
8/11/2021 6:00,-999,,,,,
8/11/2021 7:00,-999,,,,,
8/11/2021 8:00,-999,,,,,
8/11/2021 9:00,31,,,,,
8/11/2021 10:00,31,,,,,
8/11/2021 11:00,30,,,,,
8/11/2021 12:00,30,,,,,
8/11/2021 13:00,30,,,,,
8/11/2021 14:00,30,,,,,
8/11/2021 15:00,28,,,,,
8/11/2021 16:00,27,,,,,
8/11/2021 17:00,25,,,,,
8/11/2021 18:00,24,,,,,
8/11/2021 19:00,23,,,,,
8/11/2021 20:00,23,,,,,
8/11/2021 21:00,23,,,,,
8/11/2021 22:00,23,,,,,
8/11/2021 23:00,23,,,,,
8/12/2021 0:00,23,,,,,
8/12/2021 1:00,24,,,,,
8/12/2021 2:00,25,,,,,
8/12/2021 3:00,28,,,,,
8/12/2021 4:00,29,,,,,
8/12/2021 5:00,31,,,,,
8/12/2021 6:00,33,,,,,
8/12/2021 7:00,34,,,,,
8/12/2021 8:00,36,,,,,
8/12/2021 9:00,36,,,,,
8/12/2021 10:00,36,,,,,
8/12/2021 11:00,35,,,,,
8/12/2021 12:00,33,,,,,
8/12/2021 13:00,32,,,,,
8/12/2021 14:00,32,,,,,
8/12/2021 15:00,31,,,,,
8/12/2021 16:00,30,,,,,
8/12/2021 17:00,29,,,,,
8/12/2021 18:00,27,,,,,
8/12/2021 19:00,26,,,,,
8/12/2021 20:00,25,,,,,
8/12/2021 21:00,24,,,,,
8/12/2021 22:00,24,,,,,
8/12/2021 23:00,22,,,,,
8/13/2021 0:00,21,,,,,
8/13/2021 1:00,21,,,,,
8/13/2021 2:00,23,,,,,
8/13/2021 3:00,25,,,,,
8/13/2021 4:00,28,,,,,
8/13/2021 5:00,31,,,,,
8/13/2021 6:00,34,,,,,
8/13/2021 7:00,37,,,,,
8/13/2021 8:00,39,,,,,
8/13/2021 9:00,41,,,,,
8/13/2021 10:00,41,,,,,
8/13/2021 11:00,38,,,,,
8/13/2021 12:00,34,,,,,
8/13/2021 13:00,30,,,,,
8/13/2021 14:00,29,,,,,
8/13/2021 15:00,26,,,,,
8/13/2021 16:00,22,,,,,
8/13/2021 17:00,18,,,,,
8/13/2021 18:00,15,,,,,
8/13/2021 19:00,13,,,,,
8/13/2021 20:00,12,,,,,
8/13/2021 21:00,12,,,,,
8/13/2021 22:00,11,,,,,
8/13/2021 23:00,10,,,,,
8/14/2021 0:00,10,,,,,
8/14/2021 1:00,11,,,,,
8/14/2021 2:00,13,,,,,
8/14/2021 3:00,16,,,,,
8/14/2021 4:00,19,,,,,
8/14/2021 5:00,23,,,,,
8/14/2021 6:00,26,,,,,
8/14/2021 7:00,29,,,,,
8/14/2021 8:00,30,,,,,
8/14/2021 9:00,31,,,,,
8/14/2021 10:00,32,,,,,
8/14/2021 11:00,30,,,,,
8/14/2021 12:00,28,,,,,
8/14/2021 13:00,25,,,,,
8/14/2021 14:00,24,,,,,
8/14/2021 15:00,22,,,,,
8/14/2021 16:00,19,,,,,
8/14/2021 17:00,17,,,,,
8/14/2021 18:00,16,,,,,
8/14/2021 19:00,14,,,,,
8/14/2021 20:00,13,,,,,
8/14/2021 21:00,13,,,,,
8/14/2021 22:00,13,,,,,
8/14/2021 23:00,13,,,,,
8/15/2021 0:00,13,,,,,
8/15/2021 1:00,12,,,,,
8/15/2021 2:00,12,,,,,
8/15/2021 3:00,12,,,,,
8/15/2021 4:00,14,,,,,
8/15/2021 5:00,15,,,,,
8/15/2021 6:00,17,,,,,
8/15/2021 7:00,18,,,,,
8/15/2021 8:00,19,,,,,
8/15/2021 9:00,21,,,,,
8/15/2021 10:00,22,,,,,
8/15/2021 11:00,22,,,,,
8/15/2021 12:00,21,,,,,
8/15/2021 13:00,20,,,,,
8/15/2021 14:00,19,,,,,
8/15/2021 15:00,17,,,,,
8/15/2021 16:00,15,,,,,
8/15/2021 17:00,13,,,,,
8/15/2021 18:00,12,,,,,
8/15/2021 19:00,11,,,,,
8/15/2021 20:00,10,,,,,
8/15/2021 21:00,9,,,,,
8/15/2021 22:00,9,,,,,
8/15/2021 23:00,9,,,,,
8/16/2021 0:00,11,,,,,
8/16/2021 1:00,12,,,,,
8/16/2021 2:00,15,,,,,
8/16/2021 3:00,17,,,,,
8/16/2021 4:00,20,,,,,
8/16/2021 5:00,22,,,,,
8/16/2021 6:00,24,,,,,
8/16/2021 7:00,26,,,,,
8/16/2021 8:00,26,,,,,
8/16/2021 9:00,26,,,,,
8/16/2021 10:00,25,,,,,
8/16/2021 11:00,24,,,,,
8/16/2021 12:00,23,,,,,
8/16/2021 13:00,22,,,,,
8/16/2021 14:00,21,,,,,
8/16/2021 15:00,21,,,,,
8/16/2021 16:00,20,,,,,
8/16/2021 17:00,18,,,,,
8/16/2021 18:00,17,,,,,
8/16/2021 19:00,15,,,,,
8/16/2021 20:00,14,,,,,
8/16/2021 21:00,12,,,,,
8/16/2021 22:00,11,,,,,
8/16/2021 23:00,10,,,,,
8/17/2021 0:00,9,,,,,
8/17/2021 1:00,9,,,,,
8/17/2021 2:00,11,,,,,
8/17/2021 3:00,12,,,,,
8/17/2021 4:00,14,,,,,
8/17/2021 5:00,15,,,,,
8/17/2021 6:00,17,,,,,
8/17/2021 7:00,20,,,,,
8/17/2021 8:00,21,,,,,
8/17/2021 9:00,22,,,,,
8/17/2021 10:00,22,,,,,
8/17/2021 11:00,21,,,,,
8/17/2021 12:00,20,,,,,
8/17/2021 13:00,19,,,,,
8/17/2021 14:00,19,,,,,
8/17/2021 15:00,16,,,,,
8/17/2021 16:00,14,,,,,
8/17/2021 17:00,13,,,,,
8/17/2021 18:00,11,,,,,
8/17/2021 19:00,10,,,,,
8/17/2021 20:00,9,,,,,
8/17/2021 21:00,8,,,,,
8/17/2021 22:00,8,,,,,
8/17/2021 23:00,9,,,,,
8/18/2021 0:00,9,,,,,
8/18/2021 1:00,11,,,,,
8/18/2021 2:00,13,,,,,
8/18/2021 3:00,16,,,,,
8/18/2021 4:00,19,,,,,
8/18/2021 5:00,22,,,,,
8/18/2021 6:00,25,,,,,
8/18/2021 7:00,27,,,,,
8/18/2021 8:00,29,,,,,
8/18/2021 9:00,29,,,,,
8/18/2021 10:00,28,,,,,
8/18/2021 11:00,27,,,,,
8/18/2021 12:00,25,,,,,
8/18/2021 13:00,23,,,,,
8/18/2021 14:00,22,,,,,
8/18/2021 15:00,20,,,,,
8/18/2021 16:00,18,,,,,
8/18/2021 17:00,16,,,,,
8/18/2021 18:00,14,,,,,
8/18/2021 19:00,12,,,,,
8/18/2021 20:00,11,,,,,
8/18/2021 21:00,10,,,,,
8/18/2021 22:00,11,,,,,
8/18/2021 23:00,11,,,,,
8/19/2021 0:00,11,,,,,
8/19/2021 1:00,12,,,,,
8/19/2021 2:00,13,,,,,
8/19/2021 3:00,16,,,,,
8/19/2021 4:00,19,,,,,
8/19/2021 5:00,21,,,,,
8/19/2021 6:00,23,,,,,
8/19/2021 7:00,25,,,,,
8/19/2021 8:00,27,,,,,
8/19/2021 9:00,28,,,,,
8/19/2021 10:00,28,,,,,
8/19/2021 11:00,28,,,,,
8/19/2021 12:00,27,,,,,
8/19/2021 13:00,24,,,,,
8/19/2021 14:00,24,,,,,
8/19/2021 15:00,21,,,,,
8/19/2021 16:00,17,,,,,
8/19/2021 17:00,14,,,,,
8/19/2021 18:00,11,,,,,
8/19/2021 19:00,9,,,,,
8/19/2021 20:00,7,,,,,
8/19/2021 21:00,6,,,,,
8/19/2021 22:00,7,,,,,
8/19/2021 23:00,7,,,,,
8/20/2021 0:00,9,,,,,
8/20/2021 1:00,12,,,,,
8/20/2021 2:00,15,,,,,
8/20/2021 3:00,18,,,,,
8/20/2021 4:00,22,,,,,
8/20/2021 5:00,26,,,,,
8/20/2021 6:00,30,,,,,
8/20/2021 7:00,33,,,,,
8/20/2021 8:00,36,,,,,
8/20/2021 9:00,37,,,,,
8/20/2021 10:00,37,,,,,
8/20/2021 11:00,36,,,,,
8/20/2021 12:00,35,,,,,
8/20/2021 13:00,34,,,,,
8/20/2021 14:00,33,,,,,
8/20/2021 15:00,32,,,,,
8/20/2021 16:00,30,,,,,
8/20/2021 17:00,28,,,,,
8/20/2021 18:00,26,,,,,
8/20/2021 19:00,24,,,,,
8/20/2021 20:00,22,,,,,
8/20/2021 21:00,20,,,,,
8/20/2021 22:00,20,,,,,
8/20/2021 23:00,18,,,,,
8/21/2021 0:00,17,,,,,
8/21/2021 1:00,17,,,,,
8/21/2021 2:00,18,,,,,
8/21/2021 3:00,20,,,,,
8/21/2021 4:00,22,,,,,
8/21/2021 5:00,23,,,,,
8/21/2021 6:00,24,,,,,
8/21/2021 7:00,25,,,,,
8/21/2021 8:00,27,,,,,
8/21/2021 9:00,27,,,,,
8/21/2021 10:00,26,,,,,
8/21/2021 11:00,25,,,,,
8/21/2021 12:00,24,,,,,
8/21/2021 13:00,24,,,,,
8/21/2021 14:00,24,,,,,
8/21/2021 15:00,22,,,,,
8/21/2021 16:00,21,,,,,
8/21/2021 17:00,19,,,,,
8/21/2021 18:00,19,,,,,
8/21/2021 19:00,18,,,,,
8/21/2021 20:00,16,,,,,
8/21/2021 21:00,14,,,,,
8/21/2021 22:00,14,,,,,
8/21/2021 23:00,13,,,,,
8/22/2021 0:00,13,,,,,
8/22/2021 1:00,14,,,,,
8/22/2021 2:00,14,,,,,
8/22/2021 3:00,15,,,,,
8/22/2021 4:00,17,,,,,
8/22/2021 5:00,20,,,,,
8/22/2021 6:00,21,,,,,
8/22/2021 7:00,24,,,,,
8/22/2021 8:00,26,,,,,
8/22/2021 9:00,28,,,,,
8/22/2021 10:00,30,,,,,
8/22/2021 11:00,30,,,,,
8/22/2021 12:00,28,,,,,
8/22/2021 13:00,26,,,,,
8/22/2021 14:00,25,,,,,
8/22/2021 15:00,21,,,,,
8/22/2021 16:00,17,,,,,
8/22/2021 17:00,13,,,,,
8/22/2021 18:00,9,,,,,
8/22/2021 19:00,6,,,,,
8/22/2021 20:00,4,,,,,
8/22/2021 21:00,3,,,,,
8/22/2021 22:00,3,,,,,
8/22/2021 23:00,4,,,,,
8/23/2021 0:00,6,,,,,
8/23/2021 1:00,8,,,,,
8/23/2021 2:00,13,,,,,
8/23/2021 3:00,19,,,,,
8/23/2021 4:00,25,,,,,
8/23/2021 5:00,31,,,,,
8/23/2021 6:00,36,,,,,
8/23/2021 7:00,41,,,,,
8/23/2021 8:00,44,,,,,
8/23/2021 9:00,47,,,,,
8/23/2021 10:00,47,,,,,
8/23/2021 11:00,45,,,,,
8/23/2021 12:00,42,,,,,
8/23/2021 13:00,38,,,,,
8/23/2021 14:00,36,,,,,
8/23/2021 15:00,32,,,,,
8/23/2021 16:00,28,,,,,
8/23/2021 17:00,23,,,,,
8/23/2021 18:00,19,,,,,
8/23/2021 19:00,16,,,,,
8/23/2021 20:00,15,,,,,
8/23/2021 21:00,14,,,,,
8/23/2021 22:00,14,,,,,
8/23/2021 23:00,14,,,,,
8/24/2021 0:00,15,,,,,
8/24/2021 1:00,18,,,,,
8/24/2021 2:00,21,,,,,
8/24/2021 3:00,26,,,,,
8/24/2021 4:00,30,,,,,
8/24/2021 5:00,35,,,,,
8/24/2021 6:00,39,,,,,
8/24/2021 7:00,44,,,,,
8/24/2021 8:00,47,,,,,
8/24/2021 9:00,49,,,,,
8/24/2021 10:00,48,,,,,
8/24/2021 11:00,45,,,,,
8/24/2021 12:00,42,,,,,
8/24/2021 13:00,39,,,,,
8/24/2021 14:00,38,,,,,
8/24/2021 15:00,33,,,,,
8/24/2021 16:00,28,,,,,
8/24/2021 17:00,22,,,,,
8/24/2021 18:00,19,,,,,
8/24/2021 19:00,17,,,,,
8/24/2021 20:00,16,,,,,
8/24/2021 21:00,15,,,,,
8/24/2021 22:00,14,,,,,
8/24/2021 23:00,14,,,,,
8/25/2021 0:00,15,,,,,
8/25/2021 1:00,18,,,,,
8/25/2021 2:00,21,,,,,
8/25/2021 3:00,25,,,,,
8/25/2021 4:00,29,,,,,
8/25/2021 5:00,33,,,,,
8/25/2021 6:00,38,,,,,
8/25/2021 7:00,41,,,,,
8/25/2021 8:00,43,,,,,
8/25/2021 9:00,44,,,,,
8/25/2021 10:00,44,,,,,
8/25/2021 11:00,43,,,,,
8/25/2021 12:00,40,,,,,
8/25/2021 13:00,37,,,,,
8/25/2021 14:00,36,,,,,
8/25/2021 15:00,34,,,,,
8/25/2021 16:00,32,,,,,
8/25/2021 17:00,30,,,,,
8/25/2021 18:00,27,,,,,
8/25/2021 19:00,25,,,,,
8/25/2021 20:00,23,,,,,
8/25/2021 21:00,21,,,,,
8/25/2021 22:00,20,,,,,
8/25/2021 23:00,18,,,,,
8/26/2021 0:00,17,,,,,
8/26/2021 1:00,18,,,,,
8/26/2021 2:00,21,,,,,
8/26/2021 3:00,24,,,,,
8/26/2021 4:00,28,,,,,
8/26/2021 5:00,32,,,,,
8/26/2021 6:00,36,,,,,
8/26/2021 7:00,41,,,,,
8/26/2021 8:00,44,,,,,
8/26/2021 9:00,46,,,,,
8/26/2021 10:00,46,,,,,
8/26/2021 11:00,44,,,,,
8/26/2021 12:00,42,,,,,
8/26/2021 13:00,40,,,,,
8/26/2021 14:00,39,,,,,
8/26/2021 15:00,35,,,,,
8/26/2021 16:00,32,,,,,
8/26/2021 17:00,30,,,,,
8/26/2021 18:00,28,,,,,
8/26/2021 19:00,28,,,,,
8/26/2021 20:00,28,,,,,
8/26/2021 21:00,27,,,,,
8/26/2021 22:00,26,,,,,
8/26/2021 23:00,26,,,,,
8/27/2021 0:00,25,,,,,
8/27/2021 1:00,25,,,,,
8/27/2021 2:00,26,,,,,
8/27/2021 3:00,27,,,,,
8/27/2021 4:00,29,,,,,
8/27/2021 5:00,31,,,,,
8/27/2021 6:00,32,,,,,
8/27/2021 7:00,34,,,,,
8/27/2021 8:00,36,,,,,
8/27/2021 9:00,35,,,,,
8/27/2021 10:00,33,,,,,
8/27/2021 11:00,29,,,,,
8/27/2021 12:00,25,,,,,
8/27/2021 13:00,22,,,,,
8/27/2021 14:00,21,,,,,
8/27/2021 15:00,19,,,,,
8/27/2021 16:00,17,,,,,
8/27/2021 17:00,16,,,,,
8/27/2021 18:00,16,,,,,
8/27/2021 19:00,17,,,,,
8/27/2021 20:00,18,,,,,
8/27/2021 21:00,19,,,,,
8/27/2021 22:00,19,,,,,
8/27/2021 23:00,18,,,,,
8/28/2021 0:00,18,,,,,
8/28/2021 1:00,20,,,,,
8/28/2021 2:00,21,,,,,
8/28/2021 3:00,23,,,,,
8/28/2021 4:00,25,,,,,
8/28/2021 5:00,27,,,,,
8/28/2021 6:00,29,,,,,
8/28/2021 7:00,31,,,,,
8/28/2021 8:00,32,,,,,
8/28/2021 9:00,31,,,,,
8/28/2021 10:00,28,,,,,
8/28/2021 11:00,25,,,,,
8/28/2021 12:00,23,,,,,
8/28/2021 13:00,20,,,,,
8/28/2021 14:00,18,,,,,
8/28/2021 15:00,14,,,,,
8/28/2021 16:00,12,,,,,
8/28/2021 17:00,12,,,,,
8/28/2021 18:00,12,,,,,
8/28/2021 19:00,12,,,,,
8/28/2021 20:00,12,,,,,
8/28/2021 21:00,11,,,,,
8/28/2021 22:00,11,,,,,
8/28/2021 23:00,11,,,,,
8/29/2021 0:00,11,,,,,
8/29/2021 1:00,11,,,,,
8/29/2021 2:00,13,,,,,
8/29/2021 3:00,15,,,,,
8/29/2021 4:00,18,,,,,
8/29/2021 5:00,21,,,,,
8/29/2021 6:00,21,,,,,
8/29/2021 7:00,24,,,,,
8/29/2021 8:00,26,,,,,
8/29/2021 9:00,27,,,,,
8/29/2021 10:00,27,,,,,
8/29/2021 11:00,27,,,,,
8/29/2021 12:00,27,,,,,
8/29/2021 13:00,27,,,,,
8/29/2021 14:00,27,,,,,
8/29/2021 15:00,28,,,,,
8/29/2021 16:00,27,,,,,
8/29/2021 17:00,25,,,,,
8/29/2021 18:00,23,,,,,
8/29/2021 19:00,21,,,,,
8/29/2021 20:00,19,,,,,
8/29/2021 21:00,16,,,,,
8/29/2021 22:00,15,,,,,
8/29/2021 23:00,13,,,,,
8/30/2021 0:00,12,,,,,
8/30/2021 1:00,11,,,,,
8/30/2021 2:00,13,,,,,
8/30/2021 3:00,14,,,,,
8/30/2021 4:00,16,,,,,
8/30/2021 5:00,18,,,,,
8/30/2021 6:00,20,,,,,
8/30/2021 7:00,22,,,,,
8/30/2021 8:00,23,,,,,
8/30/2021 9:00,24,,,,,
8/30/2021 10:00,24,,,,,
8/30/2021 11:00,24,,,,,
8/30/2021 12:00,24,,,,,
8/30/2021 13:00,24,,,,,
8/30/2021 14:00,24,,,,,
8/30/2021 15:00,24,,,,,
8/30/2021 16:00,23,,,,,
8/30/2021 17:00,22,,,,,
8/30/2021 18:00,22,,,,,
8/30/2021 19:00,22,,,,,
8/30/2021 20:00,21,,,,,
8/30/2021 21:00,21,,,,,
8/30/2021 22:00,21,,,,,
8/30/2021 23:00,21,,,,,
8/31/2021 0:00,22,,,,,
8/31/2021 1:00,23,,,,,
8/31/2021 2:00,23,,,,,
8/31/2021 3:00,23,,,,,
8/31/2021 4:00,23,,,,,
8/31/2021 5:00,23,,,,,
8/31/2021 6:00,24,,,,,
8/31/2021 7:00,24,,,,,
8/31/2021 8:00,23,,,,,
8/31/2021 9:00,23,,,,,
8/31/2021 10:00,22,,,,,
8/31/2021 11:00,21,,,,,
8/31/2021 12:00,21,,,,,
8/31/2021 13:00,21,,,,,
8/31/2021 14:00,20,,,,,
8/31/2021 15:00,20,,,,,
8/31/2021 16:00,20,,,,,
8/31/2021 17:00,20,,,,,
8/31/2021 18:00,-999,,,,,
8/31/2021 19:00,-999,,,,,
8/31/2021 20:00,-999,,,,,
8/31/2021 21:00,-999,,,,,
8/31/2021 22:00,-999,,,,,
8/31/2021 23:00,-999,,,,,
9/1/2021 0:00,16,,,,,
9/1/2021 1:00,17,,,,,
9/1/2021 2:00,18,,,,,
9/1/2021 3:00,20,,,,,
9/1/2021 4:00,22,,,,,
9/1/2021 5:00,26,,,,,
9/1/2021 6:00,30,,,,,
9/1/2021 7:00,34,,,,,
9/1/2021 8:00,38,,,,,
9/1/2021 9:00,42,,,,,
9/1/2021 10:00,43,,,,,
9/1/2021 11:00,44,,,,,
9/1/2021 12:00,43,,,,,
9/1/2021 13:00,41,,,,,
9/1/2021 14:00,40,,,,,
9/1/2021 15:00,37,,,,,
9/1/2021 16:00,33,,,,,
9/1/2021 17:00,30,,,,,
9/1/2021 18:00,28,,,,,
9/1/2021 19:00,26,,,,,
9/1/2021 20:00,25,,,,,
9/1/2021 21:00,23,,,,,
9/1/2021 22:00,22,,,,,
9/1/2021 23:00,21,,,,,
9/2/2021 0:00,20,,,,,
9/2/2021 1:00,20,,,,,
9/2/2021 2:00,21,,,,,
9/2/2021 3:00,23,,,,,
9/2/2021 4:00,26,,,,,
9/2/2021 5:00,29,,,,,
9/2/2021 6:00,32,,,,,
9/2/2021 7:00,36,,,,,
9/2/2021 8:00,39,,,,,
9/2/2021 9:00,41,,,,,
9/2/2021 10:00,41,,,,,
9/2/2021 11:00,41,,,,,
9/2/2021 12:00,38,,,,,
9/2/2021 13:00,35,,,,,
9/2/2021 14:00,34,,,,,
9/2/2021 15:00,31,,,,,
9/2/2021 16:00,28,,,,,
9/2/2021 17:00,26,,,,,
9/2/2021 18:00,23,,,,,
9/2/2021 19:00,22,,,,,
9/2/2021 20:00,21,,,,,
9/2/2021 21:00,21,,,,,
9/2/2021 22:00,21,,,,,
9/2/2021 23:00,21,,,,,
9/3/2021 0:00,21,,,,,
9/3/2021 1:00,21,,,,,
9/3/2021 2:00,22,,,,,
9/3/2021 3:00,24,,,,,
9/3/2021 4:00,27,,,,,
9/3/2021 5:00,30,,,,,
9/3/2021 6:00,33,,,,,
9/3/2021 7:00,37,,,,,
9/3/2021 8:00,39,,,,,
9/3/2021 9:00,41,,,,,
9/3/2021 10:00,41,,,,,
9/3/2021 11:00,40,,,,,
9/3/2021 12:00,38,,,,,
9/3/2021 13:00,34,,,,,
9/3/2021 14:00,33,,,,,
9/3/2021 15:00,29,,,,,
9/3/2021 16:00,25,,,,,
9/3/2021 17:00,20,,,,,
9/3/2021 18:00,18,,,,,
9/3/2021 19:00,16,,,,,
9/3/2021 20:00,14,,,,,
9/3/2021 21:00,13,,,,,
9/3/2021 22:00,13,,,,,
9/3/2021 23:00,13,,,,,
9/4/2021 0:00,14,,,,,
9/4/2021 1:00,16,,,,,
9/4/2021 2:00,18,,,,,
9/4/2021 3:00,22,,,,,
9/4/2021 4:00,27,,,,,
9/4/2021 5:00,32,,,,,
9/4/2021 6:00,36,,,,,
9/4/2021 7:00,40,,,,,
9/4/2021 8:00,44,,,,,
9/4/2021 9:00,45,,,,,
9/4/2021 10:00,44,,,,,
9/4/2021 11:00,43,,,,,
9/4/2021 12:00,42,,,,,
9/4/2021 13:00,40,,,,,
9/4/2021 14:00,38,,,,,
9/4/2021 15:00,36,,,,,
9/4/2021 16:00,34,,,,,
9/4/2021 17:00,33,,,,,
9/4/2021 18:00,33,,,,,
9/4/2021 19:00,32,,,,,
9/4/2021 20:00,32,,,,,
9/4/2021 21:00,32,,,,,
9/4/2021 22:00,32,,,,,
9/4/2021 23:00,30,,,,,
9/5/2021 0:00,28,,,,,
9/5/2021 1:00,26,,,,,
9/5/2021 2:00,25,,,,,
9/5/2021 3:00,23,,,,,
9/5/2021 4:00,22,,,,,
9/5/2021 5:00,21,,,,,
9/5/2021 6:00,21,,,,,
9/5/2021 7:00,22,,,,,
9/5/2021 8:00,23,,,,,
9/5/2021 9:00,24,,,,,
9/5/2021 10:00,25,,,,,
9/5/2021 11:00,25,,,,,
9/5/2021 12:00,25,,,,,
9/5/2021 13:00,24,,,,,
9/5/2021 14:00,25,,,,,
9/5/2021 15:00,24,,,,,
9/5/2021 16:00,22,,,,,
9/5/2021 17:00,20,,,,,
9/5/2021 18:00,18,,,,,
9/5/2021 19:00,16,,,,,
9/5/2021 20:00,14,,,,,
9/5/2021 21:00,12,,,,,
9/5/2021 22:00,11,,,,,
9/5/2021 23:00,10,,,,,
9/6/2021 0:00,10,,,,,
9/6/2021 1:00,12,,,,,
9/6/2021 2:00,13,,,,,
9/6/2021 3:00,18,,,,,
9/6/2021 4:00,22,,,,,
9/6/2021 5:00,28,,,,,
9/6/2021 6:00,33,,,,,
9/6/2021 7:00,38,,,,,
9/6/2021 8:00,42,,,,,
9/6/2021 9:00,44,,,,,
9/6/2021 10:00,45,,,,,
9/6/2021 11:00,44,,,,,
9/6/2021 12:00,41,,,,,
9/6/2021 13:00,38,,,,,
9/6/2021 14:00,36,,,,,
9/6/2021 15:00,32,,,,,
9/6/2021 16:00,29,,,,,
9/6/2021 17:00,24,,,,,
9/6/2021 18:00,20,,,,,
9/6/2021 19:00,17,,,,,
9/6/2021 20:00,16,,,,,
9/6/2021 21:00,15,,,,,
9/6/2021 22:00,15,,,,,
9/6/2021 23:00,15,,,,,
9/7/2021 0:00,14,,,,,
9/7/2021 1:00,16,,,,,
9/7/2021 2:00,20,,,,,
9/7/2021 3:00,24,,,,,
9/7/2021 4:00,28,,,,,
9/7/2021 5:00,32,,,,,
9/7/2021 6:00,36,,,,,
9/7/2021 7:00,40,,,,,
9/7/2021 8:00,44,,,,,
9/7/2021 9:00,46,,,,,
9/7/2021 10:00,47,,,,,
9/7/2021 11:00,47,,,,,
9/7/2021 12:00,47,,,,,
9/7/2021 13:00,46,,,,,
9/7/2021 14:00,46,,,,,
9/7/2021 15:00,45,,,,,
9/7/2021 16:00,43,,,,,
9/7/2021 17:00,42,,,,,
9/7/2021 18:00,39,,,,,
9/7/2021 19:00,36,,,,,
9/7/2021 20:00,33,,,,,
9/7/2021 21:00,30,,,,,
9/7/2021 22:00,29,,,,,
9/7/2021 23:00,26,,,,,
9/8/2021 0:00,25,,,,,
9/8/2021 1:00,25,,,,,
9/8/2021 2:00,27,,,,,
9/8/2021 3:00,29,,,,,
9/8/2021 4:00,29,,,,,
9/8/2021 5:00,30,,,,,
9/8/2021 6:00,31,,,,,
9/8/2021 7:00,33,,,,,
9/8/2021 8:00,34,,,,,
9/8/2021 9:00,34,,,,,
9/8/2021 10:00,33,,,,,
9/8/2021 11:00,32,,,,,
9/8/2021 12:00,31,,,,,
9/8/2021 13:00,31,,,,,
9/8/2021 14:00,32,,,,,
9/8/2021 15:00,28,,,,,
9/8/2021 16:00,25,,,,,
9/8/2021 17:00,22,,,,,
9/8/2021 18:00,19,,,,,
9/8/2021 19:00,17,,,,,
9/8/2021 20:00,15,,,,,
9/8/2021 21:00,13,,,,,
9/8/2021 22:00,13,,,,,
9/8/2021 23:00,13,,,,,
9/9/2021 0:00,14,,,,,
9/9/2021 1:00,14,,,,,
9/9/2021 2:00,16,,,,,
9/9/2021 3:00,20,,,,,
9/9/2021 4:00,23,,,,,
9/9/2021 5:00,27,,,,,
9/9/2021 6:00,30,,,,,
9/9/2021 7:00,34,,,,,
9/9/2021 8:00,36,,,,,
9/9/2021 9:00,38,,,,,
9/9/2021 10:00,39,,,,,
9/9/2021 11:00,38,,,,,
9/9/2021 12:00,36,,,,,
9/9/2021 13:00,34,,,,,
9/9/2021 14:00,33,,,,,
9/9/2021 15:00,28,,,,,
9/9/2021 16:00,24,,,,,
9/9/2021 17:00,20,,,,,
9/9/2021 18:00,16,,,,,
9/9/2021 19:00,13,,,,,
9/9/2021 20:00,11,,,,,
9/9/2021 21:00,9,,,,,
9/9/2021 22:00,9,,,,,
9/9/2021 23:00,9,,,,,
9/10/2021 0:00,9,,,,,
9/10/2021 1:00,11,,,,,
9/10/2021 2:00,13,,,,,
9/10/2021 3:00,16,,,,,
9/10/2021 4:00,20,,,,,
9/10/2021 5:00,24,,,,,
9/10/2021 6:00,28,,,,,
9/10/2021 7:00,33,,,,,
9/10/2021 8:00,36,,,,,
9/10/2021 9:00,38,,,,,
9/10/2021 10:00,38,,,,,
9/10/2021 11:00,36,,,,,
9/10/2021 12:00,33,,,,,
9/10/2021 13:00,30,,,,,
9/10/2021 14:00,29,,,,,
9/10/2021 15:00,26,,,,,
9/10/2021 16:00,25,,,,,
9/10/2021 17:00,22,,,,,
9/10/2021 18:00,21,,,,,
9/10/2021 19:00,21,,,,,
9/10/2021 20:00,22,,,,,
9/10/2021 21:00,22,,,,,
9/10/2021 22:00,22,,,,,
9/10/2021 23:00,21,,,,,
9/11/2021 0:00,20,,,,,
9/11/2021 1:00,20,,,,,
9/11/2021 2:00,22,,,,,
9/11/2021 3:00,25,,,,,
9/11/2021 4:00,27,,,,,
9/11/2021 5:00,30,,,,,
9/11/2021 6:00,34,,,,,
9/11/2021 7:00,37,,,,,
9/11/2021 8:00,41,,,,,
9/11/2021 9:00,45,,,,,
9/11/2021 10:00,46,,,,,
9/11/2021 11:00,46,,,,,
9/11/2021 12:00,47,,,,,
9/11/2021 13:00,46,,,,,
9/11/2021 14:00,46,,,,,
9/11/2021 15:00,45,,,,,
9/11/2021 16:00,42,,,,,
9/11/2021 17:00,39,,,,,
9/11/2021 18:00,36,,,,,
9/11/2021 19:00,34,,,,,
9/11/2021 20:00,32,,,,,
9/11/2021 21:00,30,,,,,
9/11/2021 22:00,30,,,,,
9/11/2021 23:00,29,,,,,
9/12/2021 0:00,29,,,,,
9/12/2021 1:00,29,,,,,
9/12/2021 2:00,29,,,,,
9/12/2021 3:00,31,,,,,
9/12/2021 4:00,33,,,,,
9/12/2021 5:00,35,,,,,
9/12/2021 6:00,36,,,,,
9/12/2021 7:00,39,,,,,
9/12/2021 8:00,41,,,,,
9/12/2021 9:00,43,,,,,
9/12/2021 10:00,44,,,,,
9/12/2021 11:00,44,,,,,
9/12/2021 12:00,43,,,,,
9/12/2021 13:00,42,,,,,
9/12/2021 14:00,42,,,,,
9/12/2021 15:00,40,,,,,
9/12/2021 16:00,37,,,,,
9/12/2021 17:00,34,,,,,
9/12/2021 18:00,31,,,,,
9/12/2021 19:00,28,,,,,
9/12/2021 20:00,25,,,,,
9/12/2021 21:00,23,,,,,
9/12/2021 22:00,22,,,,,
9/12/2021 23:00,19,,,,,
9/13/2021 0:00,19,,,,,
9/13/2021 1:00,19,,,,,
9/13/2021 2:00,20,,,,,
9/13/2021 3:00,22,,,,,
9/13/2021 4:00,26,,,,,
9/13/2021 5:00,29,,,,,
9/13/2021 6:00,32,,,,,
9/13/2021 7:00,36,,,,,
9/13/2021 8:00,38,,,,,
9/13/2021 9:00,40,,,,,
9/13/2021 10:00,40,,,,,
9/13/2021 11:00,40,,,,,
9/13/2021 12:00,38,,,,,
9/13/2021 13:00,36,,,,,
9/13/2021 14:00,35,,,,,
9/13/2021 15:00,32,,,,,
9/13/2021 16:00,30,,,,,
9/13/2021 17:00,27,,,,,
9/13/2021 18:00,25,,,,,
9/13/2021 19:00,23,,,,,
9/13/2021 20:00,21,,,,,
9/13/2021 21:00,18,,,,,
9/13/2021 22:00,17,,,,,
9/13/2021 23:00,16,,,,,
9/14/2021 0:00,15,,,,,
9/14/2021 1:00,15,,,,,
9/14/2021 2:00,16,,,,,
9/14/2021 3:00,18,,,,,
9/14/2021 4:00,20,,,,,
9/14/2021 5:00,23,,,,,
9/14/2021 6:00,25,,,,,
9/14/2021 7:00,28,,,,,
9/14/2021 8:00,31,,,,,
9/14/2021 9:00,33,,,,,
9/14/2021 10:00,34,,,,,
9/14/2021 11:00,33,,,,,
9/14/2021 12:00,31,,,,,
9/14/2021 13:00,29,,,,,
9/14/2021 14:00,29,,,,,
9/14/2021 15:00,27,,,,,
9/14/2021 16:00,24,,,,,
9/14/2021 17:00,22,,,,,
9/14/2021 18:00,19,,,,,
9/14/2021 19:00,17,,,,,
9/14/2021 20:00,14,,,,,
9/14/2021 21:00,13,,,,,
9/14/2021 22:00,13,,,,,
9/14/2021 23:00,11,,,,,
9/15/2021 0:00,10,,,,,
9/15/2021 1:00,10,,,,,
9/15/2021 2:00,10,,,,,
9/15/2021 3:00,10,,,,,
9/15/2021 4:00,11,,,,,
9/15/2021 5:00,12,,,,,
9/15/2021 6:00,13,,,,,
9/15/2021 7:00,15,,,,,
9/15/2021 8:00,17,,,,,
9/15/2021 9:00,19,,,,,
9/15/2021 10:00,20,,,,,
9/15/2021 11:00,20,,,,,
9/15/2021 12:00,19,,,,,
9/15/2021 13:00,18,,,,,
9/15/2021 14:00,18,,,,,
9/15/2021 15:00,15,,,,,
9/15/2021 16:00,13,,,,,
9/15/2021 17:00,9,,,,,
9/15/2021 18:00,7,,,,,
9/15/2021 19:00,6,,,,,
9/15/2021 20:00,6,,,,,
9/15/2021 21:00,6,,,,,
9/15/2021 22:00,6,,,,,
9/15/2021 23:00,6,,,,,
9/16/2021 0:00,6,,,,,
9/16/2021 1:00,7,,,,,
9/16/2021 2:00,8,,,,,
9/16/2021 3:00,10,,,,,
9/16/2021 4:00,12,,,,,
9/16/2021 5:00,16,,,,,
9/16/2021 6:00,19,,,,,
9/16/2021 7:00,23,,,,,
9/16/2021 8:00,26,,,,,
9/16/2021 9:00,28,,,,,
9/16/2021 10:00,30,,,,,
9/16/2021 11:00,30,,,,,
9/16/2021 12:00,28,,,,,
9/16/2021 13:00,25,,,,,
9/16/2021 14:00,23,,,,,
9/16/2021 15:00,21,,,,,
9/16/2021 16:00,20,,,,,
9/16/2021 17:00,19,,,,,
9/16/2021 18:00,18,,,,,
9/16/2021 19:00,17,,,,,
9/16/2021 20:00,18,,,,,
9/16/2021 21:00,18,,,,,
9/16/2021 22:00,18,,,,,
9/16/2021 23:00,17,,,,,
9/17/2021 0:00,16,,,,,
9/17/2021 1:00,16,,,,,
9/17/2021 2:00,17,,,,,
9/17/2021 3:00,18,,,,,
9/17/2021 4:00,20,,,,,
9/17/2021 5:00,21,,,,,
9/17/2021 6:00,22,,,,,
9/17/2021 7:00,23,,,,,
9/17/2021 8:00,24,,,,,
9/17/2021 9:00,24,,,,,
9/17/2021 10:00,23,,,,,
9/17/2021 11:00,22,,,,,
9/17/2021 12:00,20,,,,,
9/17/2021 13:00,17,,,,,
9/17/2021 14:00,16,,,,,
9/17/2021 15:00,14,,,,,
9/17/2021 16:00,11,,,,,
9/17/2021 17:00,9,,,,,
9/17/2021 18:00,7,,,,,
9/17/2021 19:00,5,,,,,
9/17/2021 20:00,4,,,,,
9/17/2021 21:00,4,,,,,
9/17/2021 22:00,4,,,,,
9/17/2021 23:00,4,,,,,
9/18/2021 0:00,5,,,,,
9/18/2021 1:00,6,,,,,
9/18/2021 2:00,7,,,,,
9/18/2021 3:00,8,,,,,
9/18/2021 4:00,11,,,,,
9/18/2021 5:00,13,,,,,
9/18/2021 6:00,15,,,,,
9/18/2021 7:00,17,,,,,
9/18/2021 8:00,19,,,,,
9/18/2021 9:00,20,,,,,
9/18/2021 10:00,20,,,,,
9/18/2021 11:00,18,,,,,
9/18/2021 12:00,16,,,,,
9/18/2021 13:00,14,,,,,
9/18/2021 14:00,13,,,,,
9/18/2021 15:00,10,,,,,
9/18/2021 16:00,8,,,,,
9/18/2021 17:00,6,,,,,
9/18/2021 18:00,5,,,,,
9/18/2021 19:00,5,,,,,
9/18/2021 20:00,7,,,,,
9/18/2021 21:00,7,,,,,
9/18/2021 22:00,7,,,,,
9/18/2021 23:00,7,,,,,
9/19/2021 0:00,8,,,,,
9/19/2021 1:00,8,,,,,
9/19/2021 2:00,8,,,,,
9/19/2021 3:00,8,,,,,
9/19/2021 4:00,9,,,,,
9/19/2021 5:00,11,,,,,
9/19/2021 6:00,12,,,,,
9/19/2021 7:00,14,,,,,
9/19/2021 8:00,15,,,,,
9/19/2021 9:00,16,,,,,
9/19/2021 10:00,17,,,,,
9/19/2021 11:00,17,,,,,
9/19/2021 12:00,16,,,,,
9/19/2021 13:00,16,,,,,
9/19/2021 14:00,15,,,,,
9/19/2021 15:00,15,,,,,
9/19/2021 16:00,15,,,,,
9/19/2021 17:00,15,,,,,
9/19/2021 18:00,15,,,,,
9/19/2021 19:00,15,,,,,
9/19/2021 20:00,14,,,,,
9/19/2021 21:00,14,,,,,
9/19/2021 22:00,14,,,,,
9/19/2021 23:00,14,,,,,
9/20/2021 0:00,13,,,,,
9/20/2021 1:00,14,,,,,
9/20/2021 2:00,14,,,,,
9/20/2021 3:00,14,,,,,
9/20/2021 4:00,16,,,,,
9/20/2021 5:00,17,,,,,
9/20/2021 6:00,18,,,,,
9/20/2021 7:00,19,,,,,
9/20/2021 8:00,21,,,,,
9/20/2021 9:00,21,,,,,
9/20/2021 10:00,22,,,,,
9/20/2021 11:00,23,,,,,
9/20/2021 12:00,23,,,,,
9/20/2021 13:00,22,,,,,
9/20/2021 14:00,22,,,,,
9/20/2021 15:00,21,,,,,
9/20/2021 16:00,21,,,,,
9/20/2021 17:00,20,,,,,
9/20/2021 18:00,20,,,,,
9/20/2021 19:00,20,,,,,
9/20/2021 20:00,21,,,,,
9/20/2021 21:00,21,,,,,
9/20/2021 22:00,21,,,,,
9/20/2021 23:00,20,,,,,
9/21/2021 0:00,19,,,,,
9/21/2021 1:00,19,,,,,
9/21/2021 2:00,19,,,,,
9/21/2021 3:00,19,,,,,
9/21/2021 4:00,19,,,,,
9/21/2021 5:00,20,,,,,
9/21/2021 6:00,22,,,,,
9/21/2021 7:00,23,,,,,
9/21/2021 8:00,25,,,,,
9/21/2021 9:00,25,,,,,
9/21/2021 10:00,25,,,,,
9/21/2021 11:00,24,,,,,
9/21/2021 12:00,24,,,,,
9/21/2021 13:00,24,,,,,
9/21/2021 14:00,23,,,,,
9/21/2021 15:00,22,,,,,
9/21/2021 16:00,21,,,,,
9/21/2021 17:00,22,,,,,
9/21/2021 18:00,22,,,,,
9/21/2021 19:00,24,,,,,
9/21/2021 20:00,26,,,,,
9/21/2021 21:00,27,,,,,
9/21/2021 22:00,28,,,,,
9/21/2021 23:00,29,,,,,
9/22/2021 0:00,30,,,,,
9/22/2021 1:00,31,,,,,
9/22/2021 2:00,33,,,,,
9/22/2021 3:00,32,,,,,
9/22/2021 4:00,32,,,,,
9/22/2021 5:00,31,,,,,
9/22/2021 6:00,31,,,,,
9/22/2021 7:00,31,,,,,
9/22/2021 8:00,31,,,,,
9/22/2021 9:00,31,,,,,
9/22/2021 10:00,31,,,,,
9/22/2021 11:00,30,,,,,
9/22/2021 12:00,30,,,,,
9/22/2021 13:00,29,,,,,
9/22/2021 14:00,29,,,,,
9/22/2021 15:00,27,,,,,
9/22/2021 16:00,25,,,,,
9/22/2021 17:00,22,,,,,
9/22/2021 18:00,20,,,,,
9/22/2021 19:00,17,,,,,
9/22/2021 20:00,14,,,,,
9/22/2021 21:00,12,,,,,
9/22/2021 22:00,11,,,,,
9/22/2021 23:00,10,,,,,
9/23/2021 0:00,10,,,,,
9/23/2021 1:00,11,,,,,
9/23/2021 2:00,13,,,,,
9/23/2021 3:00,15,,,,,
9/23/2021 4:00,18,,,,,
9/23/2021 5:00,21,,,,,
9/23/2021 6:00,24,,,,,
9/23/2021 7:00,28,,,,,
9/23/2021 8:00,31,,,,,
9/23/2021 9:00,33,,,,,
9/23/2021 10:00,34,,,,,
9/23/2021 11:00,34,,,,,
9/23/2021 12:00,33,,,,,
9/23/2021 13:00,31,,,,,
9/23/2021 14:00,31,,,,,
9/23/2021 15:00,27,,,,,
9/23/2021 16:00,24,,,,,
9/23/2021 17:00,21,,,,,
9/23/2021 18:00,18,,,,,
9/23/2021 19:00,16,,,,,
9/23/2021 20:00,14,,,,,
9/23/2021 21:00,13,,,,,
9/23/2021 22:00,12,,,,,
9/23/2021 23:00,12,,,,,
9/24/2021 0:00,12,,,,,
9/24/2021 1:00,13,,,,,
9/24/2021 2:00,15,,,,,
9/24/2021 3:00,19,,,,,
9/24/2021 4:00,22,,,,,
9/24/2021 5:00,26,,,,,
9/24/2021 6:00,30,,,,,
9/24/2021 7:00,35,,,,,
9/24/2021 8:00,39,,,,,
9/24/2021 9:00,41,,,,,
9/24/2021 10:00,42,,,,,
9/24/2021 11:00,41,,,,,
9/24/2021 12:00,40,,,,,
9/24/2021 13:00,38,,,,,
9/24/2021 14:00,37,,,,,
9/24/2021 15:00,35,,,,,
9/24/2021 16:00,32,,,,,
9/24/2021 17:00,29,,,,,
9/24/2021 18:00,27,,,,,
9/24/2021 19:00,24,,,,,
9/24/2021 20:00,21,,,,,
9/24/2021 21:00,20,,,,,
9/24/2021 22:00,20,,,,,
9/24/2021 23:00,18,,,,,
9/25/2021 0:00,17,,,,,
9/25/2021 1:00,16,,,,,
9/25/2021 2:00,15,,,,,
9/25/2021 3:00,17,,,,,
9/25/2021 4:00,18,,,,,
9/25/2021 5:00,20,,,,,
9/25/2021 6:00,23,,,,,
9/25/2021 7:00,26,,,,,
9/25/2021 8:00,29,,,,,
9/25/2021 9:00,33,,,,,
9/25/2021 10:00,35,,,,,
9/25/2021 11:00,36,,,,,
9/25/2021 12:00,36,,,,,
9/25/2021 13:00,34,,,,,
9/25/2021 14:00,33,,,,,
9/25/2021 15:00,29,,,,,
9/25/2021 16:00,25,,,,,
9/25/2021 17:00,21,,,,,
9/25/2021 18:00,17,,,,,
9/25/2021 19:00,14,,,,,
9/25/2021 20:00,12,,,,,
9/25/2021 21:00,12,,,,,
9/25/2021 22:00,12,,,,,
9/25/2021 23:00,12,,,,,
9/26/2021 0:00,12,,,,,
9/26/2021 1:00,14,,,,,
9/26/2021 2:00,18,,,,,
9/26/2021 3:00,22,,,,,
9/26/2021 4:00,27,,,,,
9/26/2021 5:00,31,,,,,
9/26/2021 6:00,33,,,,,
9/26/2021 7:00,37,,,,,
9/26/2021 8:00,41,,,,,
9/26/2021 9:00,42,,,,,
9/26/2021 10:00,43,,,,,
9/26/2021 11:00,43,,,,,
9/26/2021 12:00,42,,,,,
9/26/2021 13:00,40,,,,,
9/26/2021 14:00,40,,,,,
9/26/2021 15:00,37,,,,,
9/26/2021 16:00,35,,,,,
9/26/2021 17:00,33,,,,,
9/26/2021 18:00,31,,,,,
9/26/2021 19:00,30,,,,,
9/26/2021 20:00,29,,,,,
9/26/2021 21:00,27,,,,,
9/26/2021 22:00,27,,,,,
9/26/2021 23:00,26,,,,,
9/27/2021 0:00,26,,,,,
9/27/2021 1:00,26,,,,,
9/27/2021 2:00,28,,,,,
9/27/2021 3:00,30,,,,,
9/27/2021 4:00,32,,,,,
9/27/2021 5:00,35,,,,,
9/27/2021 6:00,39,,,,,
9/27/2021 7:00,42,,,,,
9/27/2021 8:00,46,,,,,
9/27/2021 9:00,49,,,,,
9/27/2021 10:00,51,,,,,
9/27/2021 11:00,52,,,,,
9/27/2021 12:00,52,,,,,
9/27/2021 13:00,51,,,,,
9/27/2021 14:00,51,,,,,
9/27/2021 15:00,49,,,,,
9/27/2021 16:00,45,,,,,
9/27/2021 17:00,42,,,,,
9/27/2021 18:00,39,,,,,
9/27/2021 19:00,36,,,,,
9/27/2021 20:00,32,,,,,
9/27/2021 21:00,29,,,,,
9/27/2021 22:00,28,,,,,
9/27/2021 23:00,26,,,,,
9/28/2021 0:00,25,,,,,
9/28/2021 1:00,25,,,,,
9/28/2021 2:00,26,,,,,
9/28/2021 3:00,28,,,,,
9/28/2021 4:00,31,,,,,
9/28/2021 5:00,34,,,,,
9/28/2021 6:00,38,,,,,
9/28/2021 7:00,44,,,,,
9/28/2021 8:00,47,,,,,
9/28/2021 9:00,50,,,,,
9/28/2021 10:00,52,,,,,
9/28/2021 11:00,52,,,,,
9/28/2021 12:00,52,,,,,
9/28/2021 13:00,51,,,,,
9/28/2021 14:00,51,,,,,
9/28/2021 15:00,48,,,,,
9/28/2021 16:00,44,,,,,
9/28/2021 17:00,41,,,,,
9/28/2021 18:00,39,,,,,
9/28/2021 19:00,35,,,,,
9/28/2021 20:00,32,,,,,
9/28/2021 21:00,28,,,,,
9/28/2021 22:00,27,,,,,
9/28/2021 23:00,25,,,,,
9/29/2021 0:00,24,,,,,
9/29/2021 1:00,23,,,,,
9/29/2021 2:00,24,,,,,
9/29/2021 3:00,25,,,,,
9/29/2021 4:00,28,,,,,
9/29/2021 5:00,32,,,,,
9/29/2021 6:00,35,,,,,
9/29/2021 7:00,39,,,,,
9/29/2021 8:00,42,,,,,
9/29/2021 9:00,44,,,,,
9/29/2021 10:00,44,,,,,
9/29/2021 11:00,42,,,,,
9/29/2021 12:00,39,,,,,
9/29/2021 13:00,35,,,,,
9/29/2021 14:00,34,,,,,
9/29/2021 15:00,29,,,,,
9/29/2021 16:00,25,,,,,
9/29/2021 17:00,22,,,,,
9/29/2021 18:00,21,,,,,
9/29/2021 19:00,20,,,,,
9/29/2021 20:00,19,,,,,
9/29/2021 21:00,17,,,,,
9/29/2021 22:00,16,,,,,
9/29/2021 23:00,14,,,,,
9/30/2021 0:00,12,,,,,
9/30/2021 1:00,13,,,,,
9/30/2021 2:00,14,,,,,
9/30/2021 3:00,17,,,,,
9/30/2021 4:00,23,,,,,
9/30/2021 5:00,30,,,,,
9/30/2021 6:00,37,,,,,
9/30/2021 7:00,43,,,,,
9/30/2021 8:00,49,,,,,
9/30/2021 9:00,51,,,,,
9/30/2021 10:00,51,,,,,
9/30/2021 11:00,49,,,,,
9/30/2021 12:00,46,,,,,
9/30/2021 13:00,43,,,,,
9/30/2021 14:00,41,,,,,
9/30/2021 15:00,40,,,,,
9/30/2021 16:00,37,,,,,
9/30/2021 17:00,35,,,,,
9/30/2021 18:00,34,,,,,
9/30/2021 19:00,34,,,,,
9/30/2021 20:00,34,,,,,
9/30/2021 21:00,32,,,,,
9/30/2021 22:00,31,,,,,
9/30/2021 23:00,29,,,,,
10/1/2021 0:00,27,,,,,
10/1/2021 1:00,26,,,,,
10/1/2021 2:00,26,,,,,
10/1/2021 3:00,26,,,,,
10/1/2021 4:00,28,,,,,
10/1/2021 5:00,30,,,,,
10/1/2021 6:00,32,,,,,
10/1/2021 7:00,35,,,,,
10/1/2021 8:00,38,,,,,
10/1/2021 9:00,41,,,,,
10/1/2021 10:00,41,,,,,
10/1/2021 11:00,41,,,,,
10/1/2021 12:00,40,,,,,
10/1/2021 13:00,38,,,,,
10/1/2021 14:00,37,,,,,
10/1/2021 15:00,33,,,,,
10/1/2021 16:00,30,,,,,
10/1/2021 17:00,28,,,,,
10/1/2021 18:00,27,,,,,
10/1/2021 19:00,26,,,,,
10/1/2021 20:00,24,,,,,
10/1/2021 21:00,24,,,,,
10/1/2021 22:00,23,,,,,
10/1/2021 23:00,23,,,,,
10/2/2021 0:00,22,,,,,
10/2/2021 1:00,21,,,,,
10/2/2021 2:00,22,,,,,
10/2/2021 3:00,24,,,,,
10/2/2021 4:00,27,,,,,
10/2/2021 5:00,29,,,,,
10/2/2021 6:00,32,,,,,
10/2/2021 7:00,34,,,,,
10/2/2021 8:00,36,,,,,
10/2/2021 9:00,37,,,,,
10/2/2021 10:00,36,,,,,
10/2/2021 11:00,34,,,,,
10/2/2021 12:00,31,,,,,
10/2/2021 13:00,28,,,,,
10/2/2021 14:00,26,,,,,
10/2/2021 15:00,24,,,,,
10/2/2021 16:00,23,,,,,
10/2/2021 17:00,21,,,,,
10/2/2021 18:00,20,,,,,
10/2/2021 19:00,21,,,,,
10/2/2021 20:00,21,,,,,
10/2/2021 21:00,22,,,,,
10/2/2021 22:00,22,,,,,
10/2/2021 23:00,21,,,,,
10/3/2021 0:00,20,,,,,
10/3/2021 1:00,19,,,,,
10/3/2021 2:00,18,,,,,
10/3/2021 3:00,18,,,,,
10/3/2021 4:00,19,,,,,
10/3/2021 5:00,20,,,,,
10/3/2021 6:00,21,,,,,
10/3/2021 7:00,22,,,,,
10/3/2021 8:00,23,,,,,
10/3/2021 9:00,25,,,,,
10/3/2021 10:00,25,,,,,
10/3/2021 11:00,27,,,,,
10/3/2021 12:00,28,,,,,
10/3/2021 13:00,28,,,,,
10/3/2021 14:00,28,,,,,
10/3/2021 15:00,27,,,,,
10/3/2021 16:00,26,,,,,
10/3/2021 17:00,25,,,,,
10/3/2021 18:00,24,,,,,
10/3/2021 19:00,21,,,,,
10/3/2021 20:00,18,,,,,
10/3/2021 21:00,15,,,,,
10/3/2021 22:00,15,,,,,
10/3/2021 23:00,14,,,,,
10/4/2021 0:00,13,,,,,
10/4/2021 1:00,13,,,,,
10/4/2021 2:00,14,,,,,
10/4/2021 3:00,16,,,,,
10/4/2021 4:00,18,,,,,
10/4/2021 5:00,21,,,,,
10/4/2021 6:00,23,,,,,
10/4/2021 7:00,26,,,,,
10/4/2021 8:00,28,,,,,
10/4/2021 9:00,29,,,,,
10/4/2021 10:00,30,,,,,
10/4/2021 11:00,29,,,,,
10/4/2021 12:00,26,,,,,
10/4/2021 13:00,23,,,,,
10/4/2021 14:00,22,,,,,
10/4/2021 15:00,20,,,,,
10/4/2021 16:00,18,,,,,
10/4/2021 17:00,15,,,,,
10/4/2021 18:00,13,,,,,
10/4/2021 19:00,13,,,,,
10/4/2021 20:00,13,,,,,
10/4/2021 21:00,14,,,,,
10/4/2021 22:00,13,,,,,
10/4/2021 23:00,12,,,,,
10/5/2021 0:00,11,,,,,
10/5/2021 1:00,12,,,,,
10/5/2021 2:00,12,,,,,
10/5/2021 3:00,14,,,,,
10/5/2021 4:00,16,,,,,
10/5/2021 5:00,18,,,,,
10/5/2021 6:00,21,,,,,
10/5/2021 7:00,23,,,,,
10/5/2021 8:00,25,,,,,
10/5/2021 9:00,26,,,,,
10/5/2021 10:00,26,,,,,
10/5/2021 11:00,24,,,,,
10/5/2021 12:00,23,,,,,
10/5/2021 13:00,20,,,,,
10/5/2021 14:00,18,,,,,
10/5/2021 15:00,15,,,,,
10/5/2021 16:00,13,,,,,
10/5/2021 17:00,11,,,,,
10/5/2021 18:00,10,,,,,
10/5/2021 19:00,10,,,,,
10/5/2021 20:00,11,,,,,
10/5/2021 21:00,11,,,,,
10/5/2021 22:00,11,,,,,
10/5/2021 23:00,12,,,,,
10/6/2021 0:00,14,,,,,
10/6/2021 1:00,15,,,,,
10/6/2021 2:00,17,,,,,
10/6/2021 3:00,18,,,,,
10/6/2021 4:00,18,,,,,
10/6/2021 5:00,18,,,,,
10/6/2021 6:00,19,,,,,
10/6/2021 7:00,21,,,,,
10/6/2021 8:00,22,,,,,
10/6/2021 9:00,22,,,,,
10/6/2021 10:00,23,,,,,
10/6/2021 11:00,23,,,,,
10/6/2021 12:00,23,,,,,
10/6/2021 13:00,24,,,,,
10/6/2021 14:00,24,,,,,
10/6/2021 15:00,24,,,,,
10/6/2021 16:00,24,,,,,
10/6/2021 17:00,25,,,,,
10/6/2021 18:00,27,,,,,
10/6/2021 19:00,29,,,,,
10/6/2021 20:00,30,,,,,
10/6/2021 21:00,30,,,,,
10/6/2021 22:00,30,,,,,
10/6/2021 23:00,29,,,,,
10/7/2021 0:00,30,,,,,
10/7/2021 1:00,29,,,,,
10/7/2021 2:00,29,,,,,
10/7/2021 3:00,28,,,,,
10/7/2021 4:00,28,,,,,
10/7/2021 5:00,29,,,,,
10/7/2021 6:00,29,,,,,
10/7/2021 7:00,30,,,,,
10/7/2021 8:00,31,,,,,
10/7/2021 9:00,32,,,,,
10/7/2021 10:00,32,,,,,
10/7/2021 11:00,31,,,,,
10/7/2021 12:00,28,,,,,
10/7/2021 13:00,26,,,,,
10/7/2021 14:00,25,,,,,
10/7/2021 15:00,21,,,,,
10/7/2021 16:00,17,,,,,
10/7/2021 17:00,14,,,,,
10/7/2021 18:00,12,,,,,
10/7/2021 19:00,10,,,,,
10/7/2021 20:00,10,,,,,
10/7/2021 21:00,10,,,,,
10/7/2021 22:00,10,,,,,
10/7/2021 23:00,11,,,,,
10/8/2021 0:00,11,,,,,
10/8/2021 1:00,13,,,,,
10/8/2021 2:00,15,,,,,
10/8/2021 3:00,19,,,,,
10/8/2021 4:00,25,,,,,
10/8/2021 5:00,30,,,,,
10/8/2021 6:00,34,,,,,
10/8/2021 7:00,39,,,,,
10/8/2021 8:00,43,,,,,
10/8/2021 9:00,46,,,,,
10/8/2021 10:00,48,,,,,
10/8/2021 11:00,47,,,,,
10/8/2021 12:00,45,,,,,
10/8/2021 13:00,42,,,,,
10/8/2021 14:00,42,,,,,
10/8/2021 15:00,40,,,,,
10/8/2021 16:00,36,,,,,
10/8/2021 17:00,33,,,,,
10/8/2021 18:00,30,,,,,
10/8/2021 19:00,27,,,,,
10/8/2021 20:00,25,,,,,
10/8/2021 21:00,23,,,,,
10/8/2021 22:00,22,,,,,
10/8/2021 23:00,20,,,,,
10/9/2021 0:00,19,,,,,
10/9/2021 1:00,19,,,,,
10/9/2021 2:00,21,,,,,
10/9/2021 3:00,23,,,,,
10/9/2021 4:00,27,,,,,
10/9/2021 5:00,31,,,,,
10/9/2021 6:00,36,,,,,
10/9/2021 7:00,40,,,,,
10/9/2021 8:00,45,,,,,
10/9/2021 9:00,48,,,,,
10/9/2021 10:00,51,,,,,
10/9/2021 11:00,51,,,,,
10/9/2021 12:00,51,,,,,
10/9/2021 13:00,49,,,,,
10/9/2021 14:00,49,,,,,
10/9/2021 15:00,47,,,,,
10/9/2021 16:00,45,,,,,
10/9/2021 17:00,42,,,,,
10/9/2021 18:00,40,,,,,
10/9/2021 19:00,38,,,,,
10/9/2021 20:00,36,,,,,
10/9/2021 21:00,35,,,,,
10/9/2021 22:00,35,,,,,
10/9/2021 23:00,33,,,,,
10/10/2021 0:00,31,,,,,
10/10/2021 1:00,31,,,,,
10/10/2021 2:00,31,,,,,
10/10/2021 3:00,32,,,,,
10/10/2021 4:00,34,,,,,
10/10/2021 5:00,37,,,,,
10/10/2021 6:00,39,,,,,
10/10/2021 7:00,42,,,,,
10/10/2021 8:00,45,,,,,
10/10/2021 9:00,47,,,,,
10/10/2021 10:00,48,,,,,
10/10/2021 11:00,48,,,,,
10/10/2021 12:00,47,,,,,
10/10/2021 13:00,46,,,,,
10/10/2021 14:00,45,,,,,
10/10/2021 15:00,43,,,,,
10/10/2021 16:00,40,,,,,
10/10/2021 17:00,37,,,,,
10/10/2021 18:00,35,,,,,
10/10/2021 19:00,32,,,,,
10/10/2021 20:00,30,,,,,
10/10/2021 21:00,27,,,,,
10/10/2021 22:00,27,,,,,
10/10/2021 23:00,25,,,,,
10/11/2021 0:00,25,,,,,
10/11/2021 1:00,25,,,,,
10/11/2021 2:00,27,,,,,
10/11/2021 3:00,27,,,,,
10/11/2021 4:00,29,,,,,
10/11/2021 5:00,31,,,,,
10/11/2021 6:00,33,,,,,
10/11/2021 7:00,35,,,,,
10/11/2021 8:00,36,,,,,
10/11/2021 9:00,36,,,,,
10/11/2021 10:00,35,,,,,
10/11/2021 11:00,35,,,,,
10/11/2021 12:00,34,,,,,
10/11/2021 13:00,34,,,,,
10/11/2021 14:00,34,,,,,
10/11/2021 15:00,32,,,,,
10/11/2021 16:00,31,,,,,
10/11/2021 17:00,30,,,,,
10/11/2021 18:00,29,,,,,
10/11/2021 19:00,28,,,,,
10/11/2021 20:00,26,,,,,
10/11/2021 21:00,24,,,,,
10/11/2021 22:00,23,,,,,
10/11/2021 23:00,22,,,,,
10/12/2021 0:00,21,,,,,
10/12/2021 1:00,22,,,,,
10/12/2021 2:00,23,,,,,
10/12/2021 3:00,26,,,,,
10/12/2021 4:00,29,,,,,
10/12/2021 5:00,32,,,,,
10/12/2021 6:00,36,,,,,
10/12/2021 7:00,40,,,,,
10/12/2021 8:00,43,,,,,
10/12/2021 9:00,45,,,,,
10/12/2021 10:00,45,,,,,
10/12/2021 11:00,44,,,,,
10/12/2021 12:00,42,,,,,
10/12/2021 13:00,39,,,,,
10/12/2021 14:00,38,,,,,
10/12/2021 15:00,33,,,,,
10/12/2021 16:00,30,,,,,
10/12/2021 17:00,26,,,,,
10/12/2021 18:00,24,,,,,
10/12/2021 19:00,20,,,,,
10/12/2021 20:00,19,,,,,
10/12/2021 21:00,17,,,,,
10/12/2021 22:00,17,,,,,
10/12/2021 23:00,16,,,,,
10/13/2021 0:00,15,,,,,
10/13/2021 1:00,13,,,,,
10/13/2021 2:00,12,,,,,
10/13/2021 3:00,13,,,,,
10/13/2021 4:00,14,,,,,
10/13/2021 5:00,16,,,,,
10/13/2021 6:00,18,,,,,
10/13/2021 7:00,21,,,,,
10/13/2021 8:00,24,,,,,
10/13/2021 9:00,26,,,,,
10/13/2021 10:00,26,,,,,
10/13/2021 11:00,26,,,,,
10/13/2021 12:00,26,,,,,
10/13/2021 13:00,25,,,,,
10/13/2021 14:00,24,,,,,
10/13/2021 15:00,22,,,,,
10/13/2021 16:00,20,,,,,
10/13/2021 17:00,19,,,,,
10/13/2021 18:00,20,,,,,
10/13/2021 19:00,19,,,,,
10/13/2021 20:00,18,,,,,
10/13/2021 21:00,18,,,,,
10/13/2021 22:00,18,,,,,
10/13/2021 23:00,17,,,,,
10/14/2021 0:00,17,,,,,
10/14/2021 1:00,17,,,,,
10/14/2021 2:00,17,,,,,
10/14/2021 3:00,-999,,,,,
10/14/2021 4:00,-999,,,,,
10/14/2021 5:00,-999,,,,,
10/14/2021 6:00,-999,,,,,
10/14/2021 7:00,-999,,,,,
10/14/2021 8:00,-999,,,,,
10/14/2021 9:00,-999,,,,,
10/14/2021 10:00,46,,,,,
10/14/2021 11:00,45,,,,,
10/14/2021 12:00,44,,,,,
10/14/2021 13:00,43,,,,,
10/14/2021 14:00,43,,,,,
10/14/2021 15:00,41,,,,,
10/14/2021 16:00,39,,,,,
10/14/2021 17:00,36,,,,,
10/14/2021 18:00,33,,,,,
10/14/2021 19:00,31,,,,,
10/14/2021 20:00,30,,,,,
10/14/2021 21:00,28,,,,,
10/14/2021 22:00,27,,,,,
10/14/2021 23:00,26,,,,,
10/15/2021 0:00,25,,,,,
10/15/2021 1:00,24,,,,,
10/15/2021 2:00,23,,,,,
10/15/2021 3:00,23,,,,,
10/15/2021 4:00,23,,,,,
10/15/2021 5:00,23,,,,,
10/15/2021 6:00,23,,,,,
10/15/2021 7:00,25,,,,,
10/15/2021 8:00,26,,,,,
10/15/2021 9:00,27,,,,,
10/15/2021 10:00,27,,,,,
10/15/2021 11:00,28,,,,,
10/15/2021 12:00,28,,,,,
10/15/2021 13:00,28,,,,,
10/15/2021 14:00,28,,,,,
10/15/2021 15:00,27,,,,,
10/15/2021 16:00,27,,,,,
10/15/2021 17:00,27,,,,,
10/15/2021 18:00,27,,,,,
10/15/2021 19:00,26,,,,,
10/15/2021 20:00,27,,,,,
10/15/2021 21:00,27,,,,,
10/15/2021 22:00,27,,,,,
10/15/2021 23:00,26,,,,,
10/16/2021 0:00,24,,,,,
10/16/2021 1:00,25,,,,,
10/16/2021 2:00,25,,,,,
10/16/2021 3:00,26,,,,,
10/16/2021 4:00,27,,,,,
10/16/2021 5:00,28,,,,,
10/16/2021 6:00,30,,,,,
10/16/2021 7:00,32,,,,,
10/16/2021 8:00,34,,,,,
10/16/2021 9:00,36,,,,,
10/16/2021 10:00,36,,,,,
10/16/2021 11:00,37,,,,,
10/16/2021 12:00,36,,,,,
10/16/2021 13:00,34,,,,,
10/16/2021 14:00,34,,,,,
10/16/2021 15:00,32,,,,,
10/16/2021 16:00,29,,,,,
10/16/2021 17:00,27,,,,,
10/16/2021 18:00,25,,,,,
10/16/2021 19:00,22,,,,,
10/16/2021 20:00,20,,,,,
10/16/2021 21:00,18,,,,,
10/16/2021 22:00,18,,,,,
10/16/2021 23:00,17,,,,,
10/17/2021 0:00,17,,,,,
10/17/2021 1:00,17,,,,,
10/17/2021 2:00,18,,,,,
10/17/2021 3:00,20,,,,,
10/17/2021 4:00,24,,,,,
10/17/2021 5:00,27,,,,,
10/17/2021 6:00,29,,,,,
10/17/2021 7:00,32,,,,,
10/17/2021 8:00,35,,,,,
10/17/2021 9:00,38,,,,,
10/17/2021 10:00,39,,,,,
10/17/2021 11:00,39,,,,,
10/17/2021 12:00,39,,,,,
10/17/2021 13:00,39,,,,,
10/17/2021 14:00,39,,,,,
10/17/2021 15:00,36,,,,,
10/17/2021 16:00,34,,,,,
10/17/2021 17:00,32,,,,,
10/17/2021 18:00,30,,,,,
10/17/2021 19:00,27,,,,,
10/17/2021 20:00,25,,,,,
10/17/2021 21:00,22,,,,,
10/17/2021 22:00,22,,,,,
10/17/2021 23:00,20,,,,,
10/18/2021 0:00,19,,,,,
10/18/2021 1:00,18,,,,,
10/18/2021 2:00,19,,,,,
10/18/2021 3:00,21,,,,,
10/18/2021 4:00,24,,,,,
10/18/2021 5:00,28,,,,,
10/18/2021 6:00,31,,,,,
10/18/2021 7:00,35,,,,,
10/18/2021 8:00,38,,,,,
10/18/2021 9:00,40,,,,,
10/18/2021 10:00,41,,,,,
10/18/2021 11:00,41,,,,,
10/18/2021 12:00,38,,,,,
10/18/2021 13:00,36,,,,,
10/18/2021 14:00,35,,,,,
10/18/2021 15:00,32,,,,,
10/18/2021 16:00,28,,,,,
10/18/2021 17:00,26,,,,,
10/18/2021 18:00,25,,,,,
10/18/2021 19:00,26,,,,,
10/18/2021 20:00,26,,,,,
10/18/2021 21:00,26,,,,,
10/18/2021 22:00,26,,,,,
10/18/2021 23:00,27,,,,,
10/19/2021 0:00,28,,,,,
10/19/2021 1:00,28,,,,,
10/19/2021 2:00,28,,,,,
10/19/2021 3:00,28,,,,,
10/19/2021 4:00,31,,,,,
10/19/2021 5:00,32,,,,,
10/19/2021 6:00,35,,,,,
10/19/2021 7:00,37,,,,,
10/19/2021 8:00,39,,,,,
10/19/2021 9:00,42,,,,,
10/19/2021 10:00,43,,,,,
10/19/2021 11:00,43,,,,,
10/19/2021 12:00,42,,,,,
10/19/2021 13:00,41,,,,,
10/19/2021 14:00,40,,,,,
10/19/2021 15:00,38,,,,,
10/19/2021 16:00,37,,,,,
10/19/2021 17:00,35,,,,,
10/19/2021 18:00,34,,,,,
10/19/2021 19:00,32,,,,,
10/19/2021 20:00,30,,,,,
10/19/2021 21:00,28,,,,,
10/19/2021 22:00,27,,,,,
10/19/2021 23:00,26,,,,,
10/20/2021 0:00,25,,,,,
10/20/2021 1:00,24,,,,,
10/20/2021 2:00,25,,,,,
10/20/2021 3:00,26,,,,,
10/20/2021 4:00,29,,,,,
10/20/2021 5:00,32,,,,,
10/20/2021 6:00,36,,,,,
10/20/2021 7:00,40,,,,,
10/20/2021 8:00,44,,,,,
10/20/2021 9:00,48,,,,,
10/20/2021 10:00,50,,,,,
10/20/2021 11:00,50,,,,,
10/20/2021 12:00,49,,,,,
10/20/2021 13:00,48,,,,,
10/20/2021 14:00,48,,,,,
10/20/2021 15:00,45,,,,,
10/20/2021 16:00,42,,,,,
10/20/2021 17:00,39,,,,,
10/20/2021 18:00,37,,,,,
10/20/2021 19:00,35,,,,,
10/20/2021 20:00,33,,,,,
10/20/2021 21:00,32,,,,,
10/20/2021 22:00,32,,,,,
10/20/2021 23:00,30,,,,,
10/21/2021 0:00,29,,,,,
10/21/2021 1:00,28,,,,,
10/21/2021 2:00,28,,,,,
10/21/2021 3:00,28,,,,,
10/21/2021 4:00,29,,,,,
10/21/2021 5:00,30,,,,,
10/21/2021 6:00,32,,,,,
10/21/2021 7:00,34,,,,,
10/21/2021 8:00,36,,,,,
10/21/2021 9:00,38,,,,,
10/21/2021 10:00,40,,,,,
10/21/2021 11:00,40,,,,,
10/21/2021 12:00,40,,,,,
10/21/2021 13:00,38,,,,,
10/21/2021 14:00,37,,,,,
10/21/2021 15:00,34,,,,,
10/21/2021 16:00,30,,,,,
10/21/2021 17:00,27,,,,,
10/21/2021 18:00,23,,,,,
10/21/2021 19:00,19,,,,,
10/21/2021 20:00,16,,,,,
10/21/2021 21:00,14,,,,,
10/21/2021 22:00,14,,,,,
10/21/2021 23:00,12,,,,,
10/22/2021 0:00,11,,,,,
10/22/2021 1:00,11,,,,,
10/22/2021 2:00,11,,,,,
10/22/2021 3:00,11,,,,,
10/22/2021 4:00,12,,,,,
10/22/2021 5:00,14,,,,,
10/22/2021 6:00,16,,,,,
10/22/2021 7:00,18,,,,,
10/22/2021 8:00,21,,,,,
10/22/2021 9:00,23,,,,,
10/22/2021 10:00,24,,,,,
10/22/2021 11:00,25,,,,,
10/22/2021 12:00,24,,,,,
10/22/2021 13:00,23,,,,,
10/22/2021 14:00,23,,,,,
10/22/2021 15:00,20,,,,,
10/22/2021 16:00,18,,,,,
10/22/2021 17:00,15,,,,,
10/22/2021 18:00,14,,,,,
10/22/2021 19:00,12,,,,,
10/22/2021 20:00,10,,,,,
10/22/2021 21:00,8,,,,,
10/22/2021 22:00,8,,,,,
10/22/2021 23:00,7,,,,,
10/23/2021 0:00,6,,,,,
10/23/2021 1:00,7,,,,,
10/23/2021 2:00,8,,,,,
10/23/2021 3:00,11,,,,,
10/23/2021 4:00,14,,,,,
10/23/2021 5:00,18,,,,,
10/23/2021 6:00,22,,,,,
10/23/2021 7:00,26,,,,,
10/23/2021 8:00,29,,,,,
10/23/2021 9:00,30,,,,,
10/23/2021 10:00,30,,,,,
10/23/2021 11:00,29,,,,,
10/23/2021 12:00,27,,,,,
10/23/2021 13:00,25,,,,,
10/23/2021 14:00,23,,,,,
10/23/2021 15:00,22,,,,,
10/23/2021 16:00,21,,,,,
10/23/2021 17:00,21,,,,,
10/23/2021 18:00,21,,,,,
10/23/2021 19:00,21,,,,,
10/23/2021 20:00,22,,,,,
10/23/2021 21:00,23,,,,,
10/23/2021 22:00,23,,,,,
10/23/2021 23:00,24,,,,,
10/24/2021 0:00,25,,,,,
10/24/2021 1:00,27,,,,,
10/24/2021 2:00,29,,,,,
10/24/2021 3:00,31,,,,,
10/24/2021 4:00,34,,,,,
10/24/2021 5:00,37,,,,,
10/24/2021 6:00,38,,,,,
10/24/2021 7:00,41,,,,,
10/24/2021 8:00,42,,,,,
10/24/2021 9:00,44,,,,,
10/24/2021 10:00,44,,,,,
10/24/2021 11:00,44,,,,,
10/24/2021 12:00,43,,,,,
10/24/2021 13:00,42,,,,,
10/24/2021 14:00,42,,,,,
10/24/2021 15:00,40,,,,,
10/24/2021 16:00,39,,,,,
10/24/2021 17:00,38,,,,,
10/24/2021 18:00,38,,,,,
10/24/2021 19:00,38,,,,,
10/24/2021 20:00,38,,,,,
10/24/2021 21:00,37,,,,,
10/24/2021 22:00,37,,,,,
10/24/2021 23:00,37,,,,,
10/25/2021 0:00,37,,,,,
10/25/2021 1:00,36,,,,,
10/25/2021 2:00,35,,,,,
10/25/2021 3:00,35,,,,,
10/25/2021 4:00,34,,,,,
10/25/2021 5:00,33,,,,,
10/25/2021 6:00,31,,,,,
10/25/2021 7:00,29,,,,,
10/25/2021 8:00,28,,,,,
10/25/2021 9:00,27,,,,,
10/25/2021 10:00,25,,,,,
10/25/2021 11:00,23,,,,,
10/25/2021 12:00,23,,,,,
10/25/2021 13:00,23,,,,,
10/25/2021 14:00,23,,,,,
10/25/2021 15:00,23,,,,,
10/25/2021 16:00,24,,,,,
10/25/2021 17:00,24,,,,,
10/25/2021 18:00,25,,,,,
10/25/2021 19:00,26,,,,,
10/25/2021 20:00,26,,,,,
10/25/2021 21:00,26,,,,,
10/25/2021 22:00,26,,,,,
10/25/2021 23:00,26,,,,,
10/26/2021 0:00,26,,,,,
10/26/2021 1:00,27,,,,,
10/26/2021 2:00,27,,,,,
10/26/2021 3:00,27,,,,,
10/26/2021 4:00,27,,,,,
10/26/2021 5:00,28,,,,,
10/26/2021 6:00,29,,,,,
10/26/2021 7:00,30,,,,,
10/26/2021 8:00,31,,,,,
10/26/2021 9:00,32,,,,,
10/26/2021 10:00,32,,,,,
10/26/2021 11:00,31,,,,,
10/26/2021 12:00,29,,,,,
10/26/2021 13:00,27,,,,,
10/26/2021 14:00,26,,,,,
10/26/2021 15:00,23,,,,,
10/26/2021 16:00,20,,,,,
10/26/2021 17:00,17,,,,,
10/26/2021 18:00,15,,,,,
10/26/2021 19:00,14,,,,,
10/26/2021 20:00,13,,,,,
10/26/2021 21:00,12,,,,,
10/26/2021 22:00,12,,,,,
10/26/2021 23:00,11,,,,,
10/27/2021 0:00,12,,,,,
10/27/2021 1:00,12,,,,,
10/27/2021 2:00,14,,,,,
10/27/2021 3:00,17,,,,,
10/27/2021 4:00,20,,,,,
10/27/2021 5:00,23,,,,,
10/27/2021 6:00,26,,,,,
10/27/2021 7:00,30,,,,,
10/27/2021 8:00,32,,,,,
10/27/2021 9:00,34,,,,,
10/27/2021 10:00,34,,,,,
10/27/2021 11:00,34,,,,,
10/27/2021 12:00,33,,,,,
10/27/2021 13:00,32,,,,,
10/27/2021 14:00,32,,,,,
10/27/2021 15:00,30,,,,,
10/27/2021 16:00,29,,,,,
10/27/2021 17:00,28,,,,,
10/27/2021 18:00,27,,,,,
10/27/2021 19:00,27,,,,,
10/27/2021 20:00,27,,,,,
10/27/2021 21:00,26,,,,,
10/27/2021 22:00,25,,,,,
10/27/2021 23:00,25,,,,,
10/28/2021 0:00,26,,,,,
10/28/2021 1:00,25,,,,,
10/28/2021 2:00,25,,,,,
10/28/2021 3:00,24,,,,,
10/28/2021 4:00,23,,,,,
10/28/2021 5:00,24,,,,,
10/28/2021 6:00,24,,,,,
10/28/2021 7:00,24,,,,,
10/28/2021 8:00,25,,,,,
10/28/2021 9:00,26,,,,,
10/28/2021 10:00,27,,,,,
10/28/2021 11:00,28,,,,,
10/28/2021 12:00,28,,,,,
10/28/2021 13:00,28,,,,,
10/28/2021 14:00,28,,,,,
10/28/2021 15:00,26,,,,,
10/28/2021 16:00,24,,,,,
10/28/2021 17:00,23,,,,,
10/28/2021 18:00,21,,,,,
10/28/2021 19:00,19,,,,,
10/28/2021 20:00,17,,,,,
10/28/2021 21:00,15,,,,,
10/28/2021 22:00,15,,,,,
10/28/2021 23:00,15,,,,,
10/29/2021 0:00,14,,,,,
10/29/2021 1:00,15,,,,,
10/29/2021 2:00,15,,,,,
10/29/2021 3:00,16,,,,,
10/29/2021 4:00,16,,,,,
10/29/2021 5:00,17,,,,,
10/29/2021 6:00,16,,,,,
10/29/2021 7:00,16,,,,,
10/29/2021 8:00,16,,,,,
10/29/2021 9:00,15,,,,,
10/29/2021 10:00,15,,,,,
10/29/2021 11:00,14,,,,,
10/29/2021 12:00,14,,,,,
10/29/2021 13:00,14,,,,,
10/29/2021 14:00,14,,,,,
10/29/2021 15:00,13,,,,,
10/29/2021 16:00,14,,,,,
10/29/2021 17:00,14,,,,,
10/29/2021 18:00,15,,,,,
10/29/2021 19:00,15,,,,,
10/29/2021 20:00,15,,,,,
10/29/2021 21:00,15,,,,,
10/29/2021 22:00,15,,,,,
10/29/2021 23:00,15,,,,,
10/30/2021 0:00,15,,,,,
10/30/2021 1:00,14,,,,,
10/30/2021 2:00,14,,,,,
10/30/2021 3:00,14,,,,,
10/30/2021 4:00,15,,,,,
10/30/2021 5:00,15,,,,,
10/30/2021 6:00,15,,,,,
10/30/2021 7:00,16,,,,,
10/30/2021 8:00,17,,,,,
10/30/2021 9:00,17,,,,,
10/30/2021 10:00,18,,,,,
10/30/2021 11:00,18,,,,,
10/30/2021 12:00,19,,,,,
10/30/2021 13:00,19,,,,,
10/30/2021 14:00,19,,,,,
10/30/2021 15:00,19,,,,,
10/30/2021 16:00,19,,,,,
10/30/2021 17:00,20,,,,,
10/30/2021 18:00,19,,,,,
10/30/2021 19:00,19,,,,,
10/30/2021 20:00,18,,,,,
10/30/2021 21:00,17,,,,,
10/30/2021 22:00,17,,,,,
10/30/2021 23:00,16,,,,,
10/31/2021 0:00,15,,,,,
10/31/2021 1:00,15,,,,,
10/31/2021 2:00,15,,,,,
10/31/2021 3:00,17,,,,,
10/31/2021 4:00,20,,,,,
10/31/2021 5:00,23,,,,,
10/31/2021 6:00,24,,,,,
10/31/2021 7:00,26,,,,,
10/31/2021 8:00,29,,,,,
10/31/2021 9:00,31,,,,,
10/31/2021 10:00,32,,,,,
10/31/2021 11:00,32,,,,,
10/31/2021 12:00,30,,,,,
10/31/2021 13:00,29,,,,,
10/31/2021 14:00,28,,,,,
10/31/2021 15:00,27,,,,,
10/31/2021 16:00,25,,,,,
10/31/2021 17:00,24,,,,,
10/31/2021 18:00,-999,,,,,
10/31/2021 19:00,-999,,,,,
10/31/2021 20:00,-999,,,,,
10/31/2021 21:00,-999,,,,,
10/31/2021 22:00,-999,,,,,
10/31/2021 23:00,-999,,,,,
